01org_virtual-storage-manager,PhythonDjango
0xd34df00d_leechcraft,ObjCCoreData
1337_pop,NoORM
18F_C2,NoORM
18F_openFEC,PhythonSQLAlchemy
18F_rdbms-subsetter,PhythonSQLAlchemy
42mate_towel,NoORM
4ian_GD,.NETEntityFramework
52North_SensorWebClient,JavaHibernate
52North_SES,NoORM
52North_WPS,NoORM
593141477_bashu-onlinejudge,NoORM
7korobi_giji_rails,NoORM
9miao_CrossApp,ObjCCoreData
aaberg_sql2o,JavaHibernate
aackerman_lebowski-api,NoORM
abg_dbsake,NoORM
acanda_eclipse-pmd,NoORM
Accla_d4m_api_java,NoORM
activescott_lessmsi,.NETEntityFramework
ActsAsParanoid_acts_as_paranoid,NoORM
adamgreig_sheepdog,NoORM
adamnicholson_flatbase,NoORM
adaptive-learning_proso-apps,PhythonDjango
adaptivecomputing_torque,NoORM
adhearsion_adhearsion,NoORM
adjust_pgbundle,NoORM
adminweb_BrZend,NoORM
Adobe-Consulting-Services_acs-aem-commons,NoORM
adobo_agendav,PhpDoctrine
adolby_Kryvos,NoORM
aegoroff_logviewer,.NETEntityFramework
aerogear_aerogear-simplepush-server,NoORM
aerogear_aerogear-unifiedpush-server,JavaHibernate
affiliatewp_AffiliateWP,NoORM
agateau_yokadi,PhythonSQLAlchemy
agavi_agavi,PhpPropel
AgelxNash_DocLister,NoORM
agentgt_jirm,NoORM
ageweke_flex_columns,NoORM
agile-alliance-brazil_submissions,NoORM
AgileVentures_WebsiteOne,NoORM
aintshy_hub,NoORM
aio-libs_aiomysql,PhythonSQLAlchemy
aircrack-ng_aircrack-ng,c++litesql
airlift_airlift,NoORM
airlift_airship,NoORM
akeeba_awf,NoORM
akeeba_fof,NoORM
akkadotnet_akka.net,.NETEntityFramework
akrennmair_newsbeuter,c++litesql
akumuli_Akumuli,c++litesql
alchemy-fr_Phraseanet,PhpDoctrine
AlchemyCMS_alchemy_cms,NoORM
AlessandroMinoccheri_cakephp-twig-integration,NoORM
AlexDenisov_iActiveRecord,ObjCCoreData
alexjpaz_paz-fit,PhythonDjango
alibaba_cobarclient,NoORM
alibaba_RocketMQ,NoORM
AlienEngineer_VirtualObjects,.NETDapper
alimanfoo_petl,PhythonSQLAlchemy
alleyinteractive_es-wp-query,NoORM
alleyinteractive_SearchPress,NoORM
alliedmodders_amxmodx,.NETEntityFramework
alliedmodders_sourcemod,.NETEntityFramework
alliedmodders_sourcepawn,NoORM
alta189_SimpleSave,NoORM
amcat_amcat,PhythonDjango
amjith_pgcli,NoORM
amphp_mysql,NoORM
an0_Letterpress,NoORM
Anahkiasen_autopergamene,NoORM
anandology_broadgauge,NoORM
Anaphore_bach,PhpDoctrine
andialbrecht_sqlparse,NoORM
andraskende_cakephp-shopping-cart,NoORM
AndreasHeger_CGATReport,PhythonSQLAlchemy
andreitognolo_raidenjpa,NoORM
andreluiznsilva_hibernate-conventions,JavaHibernate
andresriancho_django-moth,PhythonDjango
andresriancho_w3af,PhythonDjango
andresriancho_w3af-module,PhythonDjango
AndrewAnnex_SpiceyPy,NoORM
andsel_moquette,NoORM
andygrunwald_Gerrie,NoORM
anitagraser_TimeManager,NoORM
aniversarioperu_django-manolo,PhythonDjango
ankane_groupdate,NoORM
anorgan_QuTee,NoORM
anthavio_phanbedder,NoORM
anthonator_paranoia_uniqueness_validator,NoORM
antoniomaria_gazpachoquest,JavaEclipseLink
antonioribeiro_sqli,NoORM
antonvw_wxExtension,NoORM
AOEpeople_languagevisibility,NoORM
apache_accumulo,NoORM
apache_drill,NoORM
apache_incubator-calcite,NoORM
apache_jackrabbit-oak,NoORM
apache_metamodel,NoORM
apache_ode,JavaHibernate
apache_sling,NoORM
apache_syncope,NoORM
apache_tajo,NoORM
apel_apel,NoORM
Appendium_flatpack,NoORM
appsignal_appsignal,NoORM
AppStateESS_phpwebsite,NoORM
arangodb_arangodb,.NETEntityFramework
Arcavias_arcavias-core,NoORM
arcturusannamalai_Ezhil-Lang,PhythonDjango
ari_jobsworth,NoORM
arista-eosplus_ztpserver,NoORM
arnovr_ocUsageCharts,NoORM
arresteddevops_ado_infra,NoORM
arsduo_koala,NoORM
arskom_spyne,PhythonDjango
artem-zinnatullin_android-wail-app,NoORM
articlemetrics_lagotto,NoORM
ArtificerRepo_artificer,JavaJavaBeans
asascience-open_ooi-ui-services,PhythonSQLAlchemy
ASPP_pelita,NoORM
assem-ch_alfanous,.NETEntityFramework
Atlantic18_DoctrineExtensions,PhpDoctrine
Atriedes_mabes,PhpDoctrine
auraphp_Aura.Auth,NoORM
auraphp_Aura.Sql,NoORM
auraphp_Aura.SqlMapper_Bundle,NoORM
auraphp_Aura.SqlQuery,NoORM
auraphp_Aura.SqlSchema,NoORM
Automattic_Co-Authors-Plus,NoORM
Automattic_Edit-Flow,NoORM
Automattic_Jetpack,NoORM
autoschool_twister,JavaActiveJdbc
autotest_autotest,PhythonDjango
autotest_autotest-client-tests,c++litesql
autotest_virt-test,NoORM
avalax_FitBuddy,NoORM
avelino_mining,NoORM
AveryRegier_club-tracker,NoORM
avsoftechnologies_densealife,NoORM
awesomefoundation_awesomebits,NoORM
az0_bleachbit,NoORM
azkaban_azkaban,NoORM
Azure_azure-sdk-for-python,NoORM
B3Partners_brmo,JavaHibernate
balabit_syslog-ng,NoORM
balanced_status.balancedpayments.com,PhythonDjango
balloob_home-assistant,PhythonSQLAlchemy
baloctran_school_management,NoORM
Bartlby_bartlby-core,NoORM
bartvm_blocks,NoORM
basecamp_marginalia,NoORM
baserproject_basercms,NoORM
basho_leveldb,c++litesql
basho_riak-java-client,NoORM
basho_riak-php-client,NoORM
basho-labs_riak-dotnet-client,.NETEntityFramework
Bauble_bauble.api,PhythonSQLAlchemy
bav-php_bav,PhpDoctrine
baztian_jaydebeapi,NoORM
bbatsov_rubocop,NoORM
Bcfg2_bcfg2,PhythonDjango
bcit-ci_CodeIgniter,NoORM
bcj_AttrDict,NoORM
BCRM_www,PhpDoctrine
beangle_library,JavaHibernate
beberlei_DoctrineExtensions,PhpDoctrine
bedrin_jdbc-sniffer,NoORM
beeznest_chamilo-lms-icpna,PhpDoctrine
befdata_befdata,NoORM
belgattitude_solublecomponents,NoORM
benadida_helios-server,PhythonDjango
benbalter_wordpress-to-jekyll-exporter,NoORM
benbalter_WP-Document-Revisions,NoORM
benkeen_generatedata,NoORM
benoitc_gaffer,NoORM
benstadin_spatialite4-jdbc,NoORM
bernardphp_bernard,NoORM
BertrandBordage_django-cachalot,PhythonDjango
bethesque_pact_broker,NoORM
betterlife_erp,JavaJavaBeans
bibi21000_python-openzwave,NoORM
BigBrotherBot_big-brother-bot,NoORM
bikeindex_bike_index,NoORM
bingmann_sqlplot-tools,c++litesql
binux_pyspider,PhythonSQLAlchemy
biojava_biojava-legacy,NoORM
biola_banner-syncinator,NoORM
biola_carrierwave-roz,NoORM
biola_punching_bag,NoORM
biolab_orange3,NoORM
bitcoinj_bitcoinj,NoORM
bitcoinxt_bitcoinxt,c++litesql
BjoernKW_ZenQuery,NoORM
bjyoungblood_BjyAuthorize,PhpDoctrine
bkiers_python3-parser,NoORM
bkimminich_AgileSoftwareDevelopmentInPractice,NoORM
blandware_android-atleap,NoORM
blizzlikegroup_blizzlikecore,ObjCCoreData
blp_ovs-reviews,NoORM
blue-yonder_sqlalchemy_exasol,NoORM
blueboy_portal,ObjCCoreData
blueboy_portalclassic,ObjCCoreData
blueboy_portaltbc,ObjCCoreData
BlueBrain_bluima,JavaActiveJdbc
Bluejudy_pycoin,NoORM
bluerogue251_materialized_views,NoORM
bluzphp_framework,NoORM
bmihelac_django-import-export,PhythonDjango
bndtools_bnd,NoORM
board3_Board3-Portal,NoORM
BOINC_boinc,c++litesql
boosterconf_booster,NoORM
botherder_viper,NoORM
boto_boto,PhythonDjango
bottlepy_bottle,NoORM
boxen_puppet-mysql,NoORM
bpiwowar_experimaestro,NoORM
bpiwowar_papercite,NoORM
brad-accuvant_cuckoo-modified,PhythonSQLAlchemy
Bramas_texiteasy,NoORM
BrandwatchLtd_pgq-consumer,NoORM
brettwooldridge_HikariCP,JavaHibernate
brettwooldridge_SansOrm,NoORM
breunigs_keks,NoORM
brewlabs_sendpress,NoORM
brewster_cequel,NoORM
brianmario_mysql2,NoORM
broadinstitute_viral-ngs,NoORM
browsermedia_browsercms,NoORM
bryanstearns_fest,NoORM
bshaffer_oauth2-server-php,NoORM
bu-ist_bu-navigation,NoORM
bu-ist_bu-versions,NoORM
buddycloud_buddycloud-media-server,NoORM
buddycloud_buddycloud-server-java,NoORM
bugsnag_bugsnag-dotnet,NoORM
bugsnag_bugsnag-python,PhythonDjango
buildbot_buildbot,PhythonSQLAlchemy
bunbun_ruffus,NoORM
bundlewrap_bundlewrap,NoORM
bungeshea_code-snippets,NoORM
burtlo_ark,NoORM
bushbaby_BsbDoctrineTranslationLoader,PhpDoctrine
byjg_xmlnuke,NoORM
c2is_Bigfoot,NoORM
c9s_LazyRecord,NoORM
cachethq_Cachet,NoORM
CaDs_tokyo-project,NoORM
caelum_mamute,JavaHibernate
caelum_vraptor4,JavaHibernate
cakephp_acl,NoORM
cakephp_cakepackages,NoORM
cakephp_cakephp,NoORM
cakephp_debug_kit,NoORM
calrissian_accumulo-recipes,NoORM
camdram_camdram,PhpPropel
CamelCookbook_camel-cookbook-examples,NoORM
CampFireManager_cfm2,NoORM
camptocamp_c2cgeoportal,PhythonSQLAlchemy
camsys_transam_core,NoORM
Canadensys_canadensys-data-access,JavaHibernate
Canadensys_canadensys-explorer,JavaHibernate
Cangjians_libcangjie,c++litesql
cantino_huginn,NoORM
cargomedia_CM,NoORM
cartalyst_sentry,NoORM
Casecommons_datafix,NoORM
Casecommons_pg_audit_log,NoORM
Casecommons_pg_search,NoORM
cashmusic_platform,NoORM
caskdata_coopr,NoORM
cassiomarques_enumerate_it,NoORM
catherinedevlin_data-dispenser,PhythonSQLAlchemy
catherinedevlin_ddl-generator,PhythonDjango
cchacin_cucumber-common-steps,JavaMybatis
cchantep_acolyte,NoORM
cd34_apex,NoORM
cdli_CdliTwoStageSignup,PhpDoctrine
cea-sec_ivre,NoORM
celeron55_minetest,NoORM
cellcounter_cellcounter,PhythonDjango
celluloid_celluloid,NoORM
CenterForOpenScience_archival-project,NoORM
ceph_teuthology,NoORM
cequel_cequel,NoORM
cercomp_weby,NoORM
cesanta_fossa,NoORM
CESNET_torque,NoORM
cetem_print_hub,NoORM
cetic_6lbr,NoORM
cfparser_cfparser,NoORM
chamilo_chamilo-lms,PhpDoctrine
chanks_que,NoORM
chapel-lang_chapel,c++litesql
chaupal_jxse,NoORM
chef_mixlib-shellout,NoORM
chef_ohai,NoORM
chef_opscode-omnibus,NoORM
chef_supermarket,NoORM
chef-cookbooks_mysql,NoORM
cherrylabs_arx-core,NoORM
chewing_libchewing,NoORM
chloerei_campo,NoORM
chmouel_python-nonobot,NoORM
chobie_treasuredata-api-client,NoORM
chop-dbhi_dicom-anon,NoORM
chrisglass_django_polymorphic,PhythonDjango
chrishunt_desktop,NoORM
chrismccord_sync,NoORM
chriso_gauged,NoORM
chrisvest_stormpot,NoORM
chrisvfritz_codekwondo,NoORM
ci-bonfire_Sprint,PhpDoctrine
CICS-530_pollutantAPI,NoORM
Cimpress-MCP_TimberWinR,.NETEntityFramework
cinovo_cloudconductor-server,NoORM
circuits_circuits,NoORM
CIRDLES_Topsoil,JavaMybatis
ciudadanointeligente_legislative,NoORM
clbustos_statsample,NoORM
cli_sonews,JavaHibernate
Clinical-Genomics_taboo,PhythonSQLAlchemy
ClothesHorse_Destrier,.NETDapper
ClothesHorse_NSQnet,NoORM
cloudfoundry_bosh,NoORM
cloudfoundry_cf-mysql-broker,NoORM
cloudfoundry_cloud_controller_ng,NoORM
cloudfoundry_java-test-applications,JavaJavaBeans
cloudfoundry_uaa,JavaHibernate
cloudfoundry-incubator_bookbinder,NoORM
cloudify-cosmo_cloudify-manager,NoORM
cloudify-cosmo_cloudify-manager-blueprints,NoORM
cloudmesh_cloudmesh,NoORM
clue_php-zenity-react,NoORM
clusterlib_clusterlib,NoORM
cmangos_mangos-classic,ObjCCoreData
cmangos_mangos-tbc,ObjCCoreData
cmangos_mangos-wotlk,ObjCCoreData
CoandaCMS_coanda-core,NoORM
cocoonprojects_ora,PhpDoctrine
cocos2d_cocos2d-x,ObjCCoreData
cocur_nqm,PhpDoctrine
code-mancers_rbkit-client,NoORM
Code4Maine_beehve,PhythonDjango
codebykat_wp-post-by-email,NoORM
codecentric_spring-boot-starter-batch-web,NoORM
Codeception_Codeception,PhpDoctrine
codeforamerica_citygram,NoORM
codeforamerica_denver-schedules-api,.NETDapper
codeine-cd_codeine,NoORM
Codepoints_Codepoints.net,NoORM
codetriage_codetriage,NoORM
codevise_pageflow,NoORM
coffeestats_coffeestats-django,PhythonDjango
collectiveaccess_providence,PhpPropel
collectiveidea_delayed_job_active_record,NoORM
colosa_processmaker,PhpPropel
Comcast_cmb,NoORM
companygardener_lookup_by,NoORM
CompendiumNG_CompendiumNG,NoORM
concrete5_concrete5,PhpDoctrine
concrete5_concrete5-5.7.0,PhpDoctrine
Connexions_cnx-archive,NoORM
Connexions_cnx-authoring,NoORM
Connexions_cnx-publishing,NoORM
ConOnRails_ConOnRails,c++litesql
ConPaaS-team_conpaas,PhythonSQLAlchemy
contao_core-bundle,PhpDoctrine
contao-community-alliance_dc-general,NoORM
contiki-os_contiki,NoORM
controlshift_prague-server,NoORM
coopdevs_timeoverflow,NoORM
cooperaj_wow-armory-character,NoORM
corley_influxdb-php-sdk,NoORM
cornernote_yii-account-module,NoORM
CoronaCore_OneServer,ObjCCoreData
couchbase_libcouchbase,NoORM
couchbaselabs_php-couchbase,NoORM
CounterpartyXCP_counterpartyd,NoORM
Coursemology_coursemology.org,NoORM
coursera_dataduct,NoORM
cowboy-coders_CyclismoProject,NoORM
cpvrlab_SLProject,.NETEntityFramework
Crate_activerecord-crate-adapter,NoORM
Crate_crash,NoORM
Crate_crate,NoORM
Crate_crate_ruby,NoORM
Crate_crate-dbal,PhpDoctrine
Crate_crate-jdbc,NoORM
Crate_crate-pdo,NoORM
Crate_crate-python,PhythonSQLAlchemy
crazedsanity_cs-webapplibs,NoORM
creocoder_yii2-nested-sets,NoORM
croaky_parity,NoORM
CroissanceCommune_autonomie,PhythonSQLAlchemy
CSBill_CSBill,PhpDoctrine
csc_Hanlon,NoORM
CsharpDatabase_CsharpSQLite,NoORM
csound_csound,ObjCCoreData
ctjacobs_pyqso,NoORM
CTMM-TraIT_trait_odm_to_i2b2,NoORM
ctran_annotate_models,NoORM
ctranoris_forgestore,NoORM
ctsit_redi,NoORM
cubesystems_releaf,NoORM
culturegraph_metafacture-sql,NoORM
cundd_rest,NoORM
cuny-academic-commons_dirt-directory-client,NoORM
cvengros_salesforce_bulk_query,NoORM
cvgellhorn_OneDB,NoORM
cybyd_cybyd,NoORM
cylc_cylc,PhythonDjango
cyrilperrin_WebProjectHelper,NoORM
czogori_Rentgen,NoORM
daisy_pipeline-framework,.NETEntityFramework
daisy_pipeline-webui,NoORM
dajobe_librdf,c++litesql
dajobe_rasqal,NoORM
daler_pybedtools,NoORM
damnhandy_Handy-URI-Templates,NoORM
DamnWidget_mamba,NoORM
danhooper_mindwell,PhythonDjango
danielballan_mr,NoORM
danielweinmann_unlock,NoORM
danmar_cppcheck,NoORM
daolcms_daol-core,NoORM
data-axle_superstore,NoORM
DatabaseCleaner_database_cleaner,NoORM
datacenter_acitoolkit,NoORM
datacleaner_AnalyzerBeans,NoORM
datacleaner_DataCleaner,NoORM
datalad_datalad,NoORM
datamapper_dm-core,NoORM
datamapper_do,c++litesql
datastax_cpp-driver,NoORM
datastax_java-driver,NoORM
datastax_python-driver,NoORM
datastax_ruby-driver,NoORM
DataTorrent_Malhar,NoORM
Daveawb_Laravel-Datatables,NoORM
davedevelopment_phpmig,NoORM
davidcelis_recommendable,NoORM
davidgfnet_whatsapp-purple,NoORM
davidkalosi_GovernorFramework,PhpDoctrine
davidmoreno_onion,c++litesql
davidmoten_geo,NoORM
davidmoten_rxjava-jdbc,NoORM
davidszotten_pytest-cagoule,NoORM
davidyell_Cricketeer,NoORM
DBD-SQLite_DBD-SQLite,NoORM
dbfit_dbfit,NoORM
DbKeeperNet_DbKeeperNet,NoORM
dblock_oshi,NoORM
ddeboer_data-import,PhpDoctrine
ddliu_tinydb,NoORM
deanishe_alfred-workflow,NoORM
debrief_debrief,NoORM
dedicated-panel_dedipanel,PhpDoctrine
deegree_deegree3,NoORM
deeplearning4j_deeplearning4j,NoORM
dekellum_syncwrap,NoORM
denisenkom_pytds,NoORM
denverfoundation_storybase,PhythonDjango
denyago_remote_association,NoORM
deric_clueminer,NoORM
Derky_Sortables-CAPTCHA-Plugin,NoORM
derptest_phpmachinist,PhpDoctrine
desbma_sacad,NoORM
deschler_django-modeltranslation,PhythonDjango
Desura_desura-app,c++litesql
Desura_Desurium,c++litesql
developerforce_Force.com-Toolkit-for-NET,.NETEntityFramework
DevelopFreedom_logmein-android,NoORM
DevFactoryCH_taxonomy,NoORM
devhub-tud_DevHub,JavaHibernate
DevInSantos_DevInSantos-events,NoORM
devisephp_cms,NoORM
dfci-cccb_mev,NoORM
dg_dibi,NoORM
dhoer_chef-nssm,NoORM
dhrod5_link,NoORM
DHUers_rigidoj,NoORM
dianping_cat,NoORM
diaspora_diaspora,NoORM
dice-cyfronet_atmosphere,NoORM
diegovalle_hoyodecrimen.api,NoORM
dieseldev_diesel,NoORM
digital-preservation_droid,NoORM
digitalfondue_lavagna,NoORM
digitalfox_pydici,PhythonDjango
digitronac_robinson,NoORM
dinks_bucket_maker,NoORM
DIYBookScanner_spreads,NoORM
django-json-api_rest_framework_ember,PhythonDjango
dlanileonardo_correios,NoORM
dlanileonardo_pagseguro,NoORM
dmasur_RuhrTopCardLocator,NoORM
DMS-Aus_Roam,NoORM
dnadesign_silverstripe-populate,NoORM
doanduyhai_Achilles,JavaHibernate
dobtco_filterer,NoORM
docker-library_official-images,NoORM
Doist_bitmapist,NoORM
Dolibarr_dolibarr,NoORM
dolittle_Bifrost,.NETEntityFramework
domogik_domogik,PhythonSQLAlchemy
donnapep_wordpress-book-review-plugin,NoORM
Door43_translationDatabaseWeb,PhythonDjango
DoSomething_scholarship-application-app,NoORM
DotNetOpenAuth_DotNetOpenAuth,.NETEntityFramework
douban_dpark,NoORM
douban_linguist,ObjCCoreData
doximity_es-elasticity,NoORM
dpgaspar_Flask-AppBuilder,PhythonSQLAlchemy
dpiessens_specbind,.NETEntityFramework
dracony_PHPixie-Auth,NoORM
drecom_activerecord-turntable,NoORM
dresden-ocl_dresdenocl,NoORM
DRMacIver_hypothesis,PhythonDjango
dropbox_changes,PhythonSQLAlchemy
dropbox_pyston,PhythonDjango
dropwizard_dropwizard,JavaHibernate
dropwizard_dropwizard-java8,JavaHibernate
drudim_cqlsl,NoORM
drugis_addis,NoORM
druid-io_druid,JavaHibernate
drupalhu_drupal.hu,NoORM
dschadow_Java-Web-Security,JavaHibernate
dsiroky_snakemq,NoORM
DSpace_DSpace,JavaHibernate
dstndstn_astrometry.net,PhythonDjango
dubeaud_bugnet,.NETEntityFramework
dudie_itinerennes-android,NoORM
duke-libraries_dul-hydra,NoORM
duncan3dc_sql-class,NoORM
duythien_blog,NoORM
dvarrazzo_psycopg,NoORM
dxw_buddypress,NoORM
eagletmt_switch_point,NoORM
easydigitaldownloads_Easy-Digital-Downloads,NoORM
eaudeweb_gemet,PhythonDjango
ebay_restcommander,JavaHibernate
EC-CUBE_ec-cube,PhpDoctrine
EC-CUBE_eccube-2_13,NoORM
ecamp_ecamp3,PhpDoctrine
eclipse-jetty_eclipse-jetty-plugin,NoORM
Ecotaco_tomtom_webfleet_connect_gem,NoORM
edavis10_redmine,NoORM
edgewall_trac,NoORM
eiskaltdcpp_eiskaltdcpp,NoORM
ejeschke_ginga,NoORM
ejholmes_restforce,NoORM
ekowabaka_ntentan,NoORM
ekylibre_ekylibre,NoORM
ElanMan_simple-quiz,NoORM
elastic_elasticsearch-hadoop,NoORM
elastic_elasticsearch-net,.NETEntityFramework
elasticsearch_elasticsearch-hadoop,NoORM
elasticsearch_elasticsearch-net,.NETEntityFramework
electrumalt_electrum-doge,NoORM
Elgg_Elgg,NoORM
elizabrock_coursewareofthefuture,NoORM
elkarte_Elkarte,NoORM
ElunaLuaEngine_ElunaMangosClassic,ObjCCoreData
ElunaLuaEngine_ElunaMangosTbc,ObjCCoreData
ElunaLuaEngine_ElunaMangosWotlk,ObjCCoreData
ElunaLuaEngine_ElunaTrinityWotlk,NoORM
EMC23_JiGS,NoORM
emicklei_critter,NoORM
emilsjolander_sprinkles,NoORM
EmirWeb_liason,NoORM
empirical-org_empirical-core,NoORM
empirical-org_Quill-Lessons,NoORM
encuestame_encuestame,JavaHibernate
energyos_OpenESPI-Common-java,JavaHibernate
EngageDC_dirt,NoORM
engageis_juntos.com.vc,NoORM
engineyard_ardm,NoORM
enioka_jqm,JavaHibernate
enova_landable,NoORM
Ensembl_ensj-healthcheck,NoORM
ENSL_ensl.org,NoORM
enStratus_mixcoatl,NoORM
enthought_encore,NoORM
enthought_enstaller,NoORM
entwinemedia_weblounge,NoORM
enwikipedia-acc_waca,NoORM
EOxServer_EOxServer,PhythonDjango
epantry_django-sql-explorer,PhythonDjango
epforgpl__mojePanstwo-API-Server,NoORM
epicodus_epicenter,NoORM
epicodus_textbook,NoORM
eReolen_ereolen.dk,NoORM
esa_pykep,NoORM
eserte_perl-tk,NoORM
esnet_esmond,PhythonDjango
Esri_spatial-framework-for-hadoop,NoORM
Estatio_estatio,NoORM
esvit_bazalt-orm,NoORM
ET-NiK_GameAP,NoORM
ethymos_delibera,NoORM
etianen_django-watson,PhythonDjango
etlegacy_etlegacy,c++litesql
etraxis_etraxis,PhpDoctrine
etrepat_baum,NoORM
ets-berkeley-edu_calcentral,NoORM
etsy_statsd-jvm-profiler,NoORM
Etzos_PlushieBot,NoORM
EUDAT-B2SHARE_b2share,PhythonSQLAlchemy
euphorie_Euphorie,PhythonSQLAlchemy
euphorie_osha.oira,NoORM
euslisp_EusLisp,NoORM
EvaEngine_EvaPermission,NoORM
EvaEngine_EvaUser,NoORM
evanchooly_javabot,NoORM
evanmsanders_flex2sms,NoORM
event-centric_EventCentric.Core,NoORM
eventlet_eventlet,NoORM
eventmachine_eventmachine,NoORM
eventum_eventum,NoORM
everyleaf_kozuchi,NoORM
ewolff_user-registration,NoORM
Exa-Networks_exabgp,NoORM
ExCiteS_geokey,PhythonDjango
exercism_exercism.io,NoORM
eXist-db_exist,NoORM
ExpandedFronts_revisr,NoORM
expertiza_expertiza,NoORM
exteso_alf.io,NoORM
Exyht_exyht,NoORM
eyaleizenberg_rake-migrations,NoORM
Eye4web_Eye4webZf2Abac,PhpDoctrine
eyedol_kasahorow-Keyboard-For-Android,NoORM
ezsystems_ezpublish-kernel,NoORM
fabfuel_prophiler,NoORM
fabpot_PHP-CS-Fixer,NoORM
fabpot_Silex,NoORM
fabpot_Twig,NoORM
facebook_presto,NoORM
Facebook-AWD_Facebook-AWD,NoORM
FAForever_server,NoORM
FagnerMartinsBrack_WebStories,JavaJavaBeans
fail2ban_fail2ban,NoORM
fairmondo_fairmondo,NoORM
fangface_yii2-concord,NoORM
FasterXML_jackson-datatype-hibernate,JavaHibernate
FedericoCeratto_bottle-cork,NoORM
fedora-infra_datanommer,PhythonSQLAlchemy
fedux-org_middleman-presentation,NoORM
feedbin_feedbin,NoORM
feedhq_feedhq,PhythonDjango
FelixOnline_Core,NoORM
fenix-framework_fenix-framework,JavaHibernate
FenixEdu_fenixedu-academic,NoORM
fernandezpablo85_scribe-java,NoORM
fgeek_pyfiscan,NoORM
fgsch_libvmod-sqlite3,c++litesql
fguillot_kanboard,NoORM
fguillot_picoFeed,NoORM
fhcrc_deenurp,PhythonSQLAlchemy
fhcrc_taxtastic,PhythonSQLAlchemy
fhir-crucible_plan_executor,NoORM
fiksu_bulk_data_methods,NoORM
fiksu_pg_advisory_locker,NoORM
firstprayer_monsql,NoORM
fishman_ctags,ObjCCoreData
fkooman_php-oauth-as,NoORM
fkooman_php-oauth-client,NoORM
fkooman_php-remote-storage,NoORM
Flapjack_zermelo,NoORM
flavour_aidiq,PhythonDjango
flavour_eden,PhythonDjango
flavour_ifrc,PhythonDjango
Flexget_Flexget,PhythonSQLAlchemy
flickr-downloadr_flickr-downloadr-gtk,.NETEntityFramework
flipkart-incubator_foxtrot,JavaHibernate
fluent_fluentd-docs,NoORM
flux-framework_flux-core,c++litesql
fluxoft_rebar,NoORM
flyerhzm_bullet,NoORM
FlyoverWorks_storytime,NoORM
fontforge_fontforge,ObjCCoreData
fordnox_php-queue-manager,NoORM
forge_core,JavaHibernate
forkcms_forkcms,PhpDoctrine
fourat_jasmin,NoORM
FoxUSA_OpenNoteService-PHP,NoORM
fpietka_Zend-Nested-Set,NoORM
frab_frab,NoORM
frappe_erpnext,NoORM
freebsd_pkg,c++litesql
freemed_freemed,NoORM
freeminer_freeminer,NoORM
FreeMusicNinja_api.freemusic.ninja,PhythonDjango
FreeRADIUS_freeradius-server,c++litesql
Freeseer_freeseer,NoORM
FreeTDS_freetds,NoORM
FriendsOfCake_crud,NoORM
FriendsOfPHP_PHP-CS-Fixer,NoORM
FriendsOfPHP_Sismo,NoORM
friesencr_urho3d,ObjCCoreData
FrodeSolheim_fs-uae,NoORM
FrontSide_Arignee,NoORM
fruux_sabre-dav,NoORM
FSX_momoko,NoORM
FTSRG_trainbenchmark,NoORM
fusinv_fusioninventory-for-glpi,NoORM
FuturePortal_Gain12,NoORM
futuresimple_android-db-commons,NoORM
fwk_Db,NoORM
fxrm_fxrm-store,NoORM
gabrielfalcao_lettuce,PhythonDjango
gabriprat_hoshinplan,NoORM
gaetancollaud_fablab-api,NoORM
gaetancollaud_fablab-manager,NoORM
gajus_doll,NoORM
gajus_moa,NoORM
galette_galette,NoORM
gallery_gallery3,NoORM
GameConnect_SourceBans,PhpDoctrine
Gameeso_openkit-server,NoORM
gammu_gammu,NoORM
ganglia_monitor-core,NoORM
garex_wp-testing,NoORM
gbeced_pyalgotrade,NoORM
GCorbel_activeform-rails,NoORM
ged_ruby-mongrel2,NoORM
gedankenstuecke_snpr,NoORM
geier_khal,NoORM
geier_pycarddav,NoORM
genkgo_migrations,NoORM
genome_civic-server,NoORM
genome_dgi-db,NoORM
genome_docm,NoORM
genometools_genometools,c++litesql
gentoo_portage,NoORM
geomajas_geomajas-project-client-gwt,JavaHibernate
geomajas_geomajas-project-server,JavaHibernate
geopandas_geopandas,NoORM
geopaparazzi_geopaparazzi,NoORM
geopython_pycsw,PhythonSQLAlchemy
georchestra_georchestra,JavaHibernate
GeoscienceAustralia_tcrm,NoORM
geoserver_geoserver,JavaHibernate
geotools_geotools,NoORM
gep13_WebApiSample,.NETEntityFramework
getkirby_kirby,NoORM
getsentry_freight,PhythonSQLAlchemy
getsentry_raven-python,PhythonDjango
getsentry_sentry,PhythonDjango
GEWIS_gewisweb,PhpDoctrine
ghempton_state_manager,NoORM
ghewgill_neon-lang,c++litesql
ghousseyn_phiber,NoORM
gi0baro_weppy,NoORM
giacomelli_SalesforceSharp,NoORM
gideros_gideros,.NETEntityFramework
ginatrapani_isosceles,NoORM
ging_social_stream,NoORM
gios-asu_text-geolocator,PhythonSQLAlchemy
girder_girder,NoORM
gisclient_branch-3.2,NoORM
git-cola_git-cola,NoORM
github_android,NoORM
github_linguist,ObjCCoreData
gitlabhq_gitlabhq,NoORM
Gitonomy_gitonomy,PhpDoctrine
gjtorikian_branta,NoORM
gkellogg_rdf-distiller,NoORM
glastopf_conpot,NoORM
glastopf_glastopf,NoORM
globaleaks_GlobaLeaks,NoORM
globocom_GloboNetworkAPI,PhythonDjango
GLolol_SupyPlugins,NoORM
GlotPress_GlotPress,NoORM
gmassanek_codemarks,NoORM
gmatteo_abipy,NoORM
gmr_queries,NoORM
GNOME_grilo-plugins,c++litesql
Gnurou_tagainijisho,NoORM
goblindegook_wp-cas-server,NoORM
GochoMugo_remindme,NoORM
godfat_rest-graph,NoORM
godfat_rest-more,NoORM
GojaFramework_goja,NoORM
goodow_j2objc,ObjCCoreData
google_certificate-transparency,c++litesql
google_google-api-python-client,PhythonDjango
google_grr,PhythonDjango
google_guice,JavaHibernate
google_rekall,ObjCCoreData
GoogleCloudPlatform_bigquery-samples-python,NoORM
GoogleCloudPlatform_DataflowJavaSDK,NoORM
GoogleCloudPlatform_gcloud-java,NoORM
GoogleCloudPlatform_gcloud-ruby,NoORM
GordonDiggs_rayons,NoORM
GotCms_GotCms,NoORM
gpodder_mygpo,PhythonDjango
gradle_gradle,ObjCCoreData
grapefruitdotlink_grapefruit,NoORM
gratipay_aspen-python,NoORM
gratipay_gratipay.com,NoORM
gratipay_postgres.py,NoORM
greatman_craftconomy3,NoORM
greenrobot_greenDAO,NoORM
GridOPTICS_GOSS,NoORM
griffon_griffon,NoORM
grnet_e-science,PhythonDjango
groonga_groonga,NoORM
grosser_parallel,NoORM
groupdocs_groupdocs-php,NoORM
groupon_Selenium-Grid-Extras,NoORM
grrr-amsterdam_golem,NoORM
Grupo6PIS_BeatIt-Android,NoORM
gryphius_fuglu,PhythonSQLAlchemy
GTSoftware_GTRetail,JavaJavaBeans
guhilling_cdi-test,JavaJavaBeans
guillermo-carrasco_TACA,NoORM
guppy4j_libraries,NoORM
gurnec_btcrecover,NoORM
guyirvine_RServiceBus,NoORM
gwenn_sqlite-jna,NoORM
gwpy_gwpy,NoORM
h2oai_h2o,NoORM
h3xstream_find-sec-bugs,JavaHibernate
h3xstream_http-script-generator,NoORM
hackerschool_community,NoORM
hacklabr_mapasculturais,PhpDoctrine
haiwen_ccnet,c++litesql
haiwen_seadroid,NoORM
haiwen_seafdav,NoORM
haiwen_seafile-client,c++litesql
halex2005_pjsettings,NoORM
hammerlab_datacache,NoORM
HangfireIO_Hangfire,.NETEntityFramework
harbour_core,c++litesql
harp-orm_harp,NoORM
harry2258_AlfredV2-FTB-IRC-,NoORM
Harvard-ATG_HarvardCards,PhythonDjango
hasgeek_lastuser,PhythonSQLAlchemy
HatMedia_Micro,NoORM
hawkular_hawkular-metrics,JavaJavaBeans
HaxeFoundation_hxcpp,ObjCCoreData
hedgewars_hw,ObjCCoreData
heimdal_heimdal,c++litesql
heiseonline_shariff-backend-php,NoORM
helhum_typo3_console,NoORM
hellogerard_jobby,NoORM
henrikbjorn_Bernard,NoORM
HerculesWS_Hercules,NoORM
heroku_databasedotcom,NoORM
heroku_heroku,NoORM
heroku_pgperf,NoORM
heroku_telex,NoORM
hexchat_hexchat,.NETEntityFramework
Hi-Media_Padocc-engine,NoORM
hicknhack-software_QSqlMigrator,NoORM
Hiroyuki-Nagata_JaneClone,NoORM
hit9_skylark,NoORM
hjoliver_cylc,PhythonDjango
hjue_JustWriting,NoORM
Hoektronics_BotQueue,NoORM
holdenk_sparklingpandas,NoORM
holderdeord_hdo-site,NoORM
holmes-app_holmes-api,PhythonSQLAlchemy
honeynet_beeswarm,PhythonSQLAlchemy
horde_horde,ObjCCoreData
horms_openvswitch,NoORM
howaboutwe_enum_table,NoORM
howaboutwe_syphon,NoORM
howardjones_network-weathermap,NoORM
hpcc-systems_spoon-plugins,NoORM
HPI-Information-Systems_Metanome,JavaHibernate
HPI-SWA-Lab_RSqueak,NoORM
hrevert_HtSettingsModule,NoORM
hroest_openms,NoORM
hrydgard_ppsspp,ObjCCoreData
hsiboy_middleman,NoORM
HubSpot_Rosetta,NoORM
HubSpot_Singularity,JavaHibernate
hugodias_cakeStrap,NoORM
humanmade_BackUpWordPress,NoORM
humanmade_WP-Remote-WordPress-Plugin,NoORM
hydralabs_pyamf,PhythonDjango
hynek_doc2dash,NoORM
hyperoslo_tasuku,NoORM
ialbert_biostar-central,PhythonDjango
iambrandontaylor_django-admin-sortable,PhythonDjango
iangreenleaf_activerecord_enum,NoORM
ibissource_iaf,JavaJavaBeans
icaine_Flunorette,NoORM
ICanBoogie_ActiveRecord,NoORM
ICanBoogie_ICanBoogie,NoORM
IcecaveStudios_manifold,NoORM
Icinga_icinga2,.NETEntityFramework
iconara_cql-rb,NoORM
iconara_ione-rpc,NoORM
ICT4H_atomfeed,NoORM
IDgis_geo-publisher,NoORM
idler_MMP,NoORM
ifad_chronomodel,NoORM
ignisf_clarion,NoORM
igniterealtime_Openfire,NoORM
ihabunek_phormium,NoORM
ihabunek_phormium-modgen,NoORM
ilikeprograms_corvus,PhpDoctrine
illogical23_Cosplay-Market,NoORM
iluwatar_java-design-patterns,JavaHibernate
imasahiro_rujit,NoORM
imazen_resizer,.NETEntityFramework
imbo_imbo,NoORM
imduffy15_carcloud-api,JavaHibernate
impresspages_ImpressPages,NoORM
inaturalist_inaturalist,NoORM
inboundnow_cta,NoORM
inboundnow_landing-pages,NoORM
indico_indico,PhythonSQLAlchemy
iNem0o_PicORM,NoORM
InfectedLan_InfectedAPI,NoORM
infinum_phrasing,NoORM
inflatablefriends_lastfm,.NETEntityFramework
influxdb_influxdb-ruby,NoORM
infopark_mysql_blob_streaming,NoORM
initLab_fauna,NoORM
inliniac_suricata,NoORM
InMobi_conduit,NoORM
innoq_iBlog,NoORM
innoq_iqvoc,NoORM
inoerp_inoERP,NoORM
insideout10_helixware-plugin,NoORM
insideout10_wordlift-plugin,NoORM
instructure_canvas-lms,NoORM
instructure_switchman,NoORM
int6_CoiniumServ,.NETDapper
integram_cleverbus,JavaHibernate
interagent_pliny,NoORM
intermine_intermine,NoORM
internetarchive_openlibrary,NoORM
intraface_intraface.dk,NoORM
inveniosoftware_invenio,NoORM
inviqa_chef-magento,NoORM
inviqa_chef-xhprof-gui,NoORM
ioerror_blockfinder,NoORM
IonAuth_IonAuth,NoORM
ionia-corporation_active_force,NoORM
ioos_i52n-sos,JavaHibernate
ioos_sos-injector-db,NoORM
ios-driver_ios-driver,NoORM
ipython_ipython,NoORM
iracooke_protk,NoORM
IreneKnapp_direct-sqlite,c++litesql
irmen_Pyro4,NoORM
irods_irods-legacy,NoORM
ironbee_ironbee,NoORM
ironport_shrapnel,NoORM
irstv_H2GIS,NoORM
irstv_orbisgis,NoORM
isfit_internal.isfit.org,NoORM
isisaddons_isis-module-audit,NoORM
ismailasci_track,NoORM
ismrmrd_ismrmrd,NoORM
isotope_core,NoORM
isotope_migration,NoORM
isubit_luggage,NoORM
isubit_luggage_isu,NoORM
itm_testbed-runtime,NoORM
itsnauman_jumprun,NoORM
iut-ibk_DynaMind-ToolBox,c++litesql
ivanceras_orm,NoORM
iverberk_larasearch,NoORM
j4mie_idiorm,NoORM
j4mie_paris,NoORM
JabRef_jabref,NoORM
jackalope_jackalope,NoORM
jackalope_jackalope-doctrine-dbal,NoORM
jackalope_jackalope-jackrabbit,NoORM
JackC_surus,NoORM
Jacketpages_Jacketpages,NoORM
Jacobine_Jacobine,NoORM
jahenn_urocenter,NoORM
jailbreakhq_JailbreakApi,NoORM
jamalex_ka-lite,PhythonDjango
jamband_yii-englishwordbook-demo,NoORM
jamend_selective-orm,NoORM
janezkranjc_clowdflows,PhythonDjango
jarednova_timber,NoORM
Jasig_cas,NoORM
Jasig_hrs-portlets,NoORM
Jasig_phpCAS,NoORM
Jasig_sched-assist,NoORM
Jasig_uPortal,JavaHibernate
jasny_DBQuery-MySQL,NoORM
JasonBarnabe_greasyfork,NoORM
jasongrimes_silex-simpleuser,NoORM
javaee-samples_javaee7-samples,JavaJavaBeans
javajigi_slipp-user,NoORM
javers_javers,JavaHibernate
jayroh_thredded,NoORM
jaysw_ipydb,PhythonSQLAlchemy
jayway_powermock,NoORM
jbake-org_jbake,NoORM
jbboehr_zsql.php,NoORM
JBEI_ice,JavaHibernate
jberkel_whassup,NoORM
jbox-web_redmine_git_hosting,NoORM
jbroadway_elefant,NoORM
jbush001_NyuziToolchain,ObjCCoreData
jcabi_jcabi-dynamo,NoORM
jcabi_jcabi-jdbc,NoORM
jcabi_jcabi-mysql-maven-plugin,NoORM
jcabi_jcabi-simpledb,NoORM
JDGrimes_wp-l10n-validator,NoORM
jeffhsu3_genda,NoORM
jeffymahoney_loopduplicate.com,NoORM
jegasmlm_dotadev,NoORM
jekyll_classifier-reborn,NoORM
jenjinstudios_jenjin,NoORM
jenseng_hair_trigger,NoORM
jeremyevans_sequel,NoORM
jeremykendall_slim-auth,NoORM
JeroenDeDauw_Maps,NoORM
jgorset_label,NoORM
jhalterman_modelmapper,NoORM
jhass_diaspora-openshift,NoORM
jhcepas_ete,NoORM
jhedstrom_DrupalDriver,NoORM
jimbojsb_pseudo,NoORM
jingw_shellquery,NoORM
JKershaw_RDTOM-Source,NoORM
jlaine_qdjango,PhythonDjango
JMB-Technology-Limited_MeetYourNextMP-Web-Core,NoORM
jmchilton_blend4j,NoORM
jmchilton_galaxy-bootstrap,NoORM
jmhodges_rchardet,NoORM
jneen_rouge,ObjCCoreData
jnunemaker_cassanity,NoORM
joaofx_HumbleNetwork,NoORM
joe42_CloudFusion,NoORM
johanek_puppet-parse,NoORM
johanlelan_lightweightCMISserver,NoORM
johnament_hammock,NoORM
johnewart_gearman-java,NoORM
johngodley_redirection,NoORM
jonathanhds_sql-builder,NoORM
jonge-democraten_website,PhythonDjango
jonsequitur_Its.Cqrs,.NETEntityFramework
jonstewart_liblightgrep,NoORM
jooby-project_jooby,JavaHibernate
jookies_jasmin,NoORM
joomla_jissues,NoORM
joomla_joomla-cms,NoORM
Joomla-Bible-Study_Joomla-Bible-Study,NoORM
joomla-extensions_install-from-web-server,NoORM
joomla-framework_log,NoORM
joomla-projects_cms-naked,NoORM
joomla-projects_com_localise,NoORM
jOOQ_jOOL,NoORM
jOOQ_jOOQ,JavaHibernate
jorgemanrubia_lazy_columns,NoORM
josegonzalez_php-queuesadilla,NoORM
josegonzalez_python-beaver,NoORM
Joseki_LeanMapper-extension,NoORM
joshmoody_mock-data,NoORM
joshtronic_pickles,NoORM
Josko_aura-bot,NoORM
jphp-compiler_jphp,NoORM
jprante_elasticsearch-river-jdbc,NoORM
jreijn_hippo-addon-restful-webservices,NoORM
jronallo_djatoka,NoORM
jruby_jruby,NoORM
jruby_warbler,NoORM
jschneier_django-storages,PhythonDjango
jschneier_django-storages-redux,PhythonDjango
jsuggs_CollegeCrazies,PhpDoctrine
jtriley_StarCluster,NoORM
Jug-Vale_jug-call4papers,JavaJavaBeans
Julian_Minion,NoORM
julianhyde_optiq,NoORM
julianhyde_optiq-csv,NoORM
julianhyde_quidem,NoORM
julianhyde_sqlline,NoORM
julianhyde_tpcds,NoORM
jupiter24_web-chess,NoORM
jupyter_jupyterhub,PhythonSQLAlchemy
k0kubun_githubranks,NoORM
kaizenplatform_fluent-plugin-bigquery,NoORM
kalamuna_playbox,NoORM
kamailio_kamailio,c++litesql
kamipo_activerecord-mysql-awesome,NoORM
Kapiche_caterpillar,NoORM
karussell_snacktory,NoORM
kaspernj_awesome_tasks,NoORM
kaspernj_baza,NoORM
KayEss_django-slumber,PhythonDjango
KBNLresearch_europeananp-ner,NoORM
kbrock_audio_book_creator,NoORM
kdavies4_ModelicaRes,NoORM
Kdyby_DoctrineMoney,PhpDoctrine
Kegbot_kegbot-server,PhythonDjango
kejbaly2_metrique,PhythonSQLAlchemy
keltanas_SiteForeverCMS,NoORM
kennethkalmer_powerdns-on-rails,NoORM
kennib_ncss-murder,NoORM
KensoDev_kiqit,NoORM
khelonium_cashtrack,NoORM
khosrow_lvsm,NoORM
kia_FitGoodies,NoORM
kiberpipa_Intranet,PhythonDjango
KIDJourney_steamtraderep,NoORM
kilbot_WooCommerce-POS,NoORM
killbill_killbill,NoORM
killbill_killbill-admin-ui,NoORM
killbill_killbill-analytics-plugin,NoORM
killbill_killbill-commons,NoORM
killbill_killbill-cybersource-plugin,NoORM
killbill_killbill-paypal-express-plugin,NoORM
killbill_killbill-platform,NoORM
killme2008_Metamorphosis,NoORM
kingsleyh_totally_lazy,NoORM
KingYes_wordpress-aryo-activity-log,NoORM
Kitware_Remus,NoORM
klassebe_klasse-wp-poll-survey,NoORM
klout_brickhouse,NoORM
kmbulebu_NickNack,JavaHibernate
kmcphillips_gracehrabi.com,NoORM
knagra_farnsworth,PhythonDjango
knightliao_disconf,JavaHibernate
KnpLabs_knp-components,PhpDoctrine
KnpLabs_KnpBundles,PhpDoctrine
koala-framework_koala-framework,NoORM
kolypto_py-mongosql,NoORM
konklone_konklone.com,NoORM
kontalk_tigase-extension,NoORM
koreader_koreader-base,NoORM
kornicameister_SpringAtom,JavaHibernate
kostajh_rebuild,NoORM
kot-begemot_undestroyable,NoORM
kovyrin_db-charmer,NoORM
krautcomputing_rubydocs,NoORM
kreta-io_kreta,PhpDoctrine
kripken_sql.js,NoORM
krischer_instaseis,NoORM
kristofa_brave,NoORM
krizsan_message-cowboy,NoORM
kronosapiens_xp,NoORM
kronusme_dota2-api,NoORM
kryptnostic_rhizome,NoORM
krzyk240_sim,NoORM
ksokol_myreader,JavaHibernate
KSST_KF,PhpDoctrine
ktbartholomew_generator-craft,NoORM
ktbs_ktbs,NoORM
ku-unplugged_LiveLog,NoORM
kuenishi_presto-riak,NoORM
Kunstmaan_KunstmaanAdminListBundle,PhpDoctrine
Kunstmaan_KunstmaanBundlesCMS,PhpDoctrine
Kunstmaan_KunstmaanNodeBundle,PhpDoctrine
kvesteri_sqlalchemy-continuum,PhythonSQLAlchemy
KWARC_MathHub,NoORM
KWZwickau_KREDA-Sphere,PhpDoctrine
kyleterry_tenyks-contrib,NoORM
l3pp4rd_DoctrineExtensions,PhpDoctrine
la-team_light-admin,JavaHibernate
lafourchette_L10nBundle,NoORM
languagetool-org_languagetool,NoORM
laravel_framework,NoORM
larroy_clearskies_core,c++litesql
larsga_Duke,NoORM
larsgrefer_android-library,NoORM
lastzero_test-tools,NoORM
lasyan3_TrinityCore,NoORM
lat-lon_deegree-securityproxy,NoORM
LaunchKey_launchkey-php,NoORM
laysakura_smartdb,NoORM
Leadformance_ltree_hierarchy,NoORM
learning-unlimited_ESP-Website,PhythonDjango
learningequality_ka-lite,PhythonDjango
lebris_muffin,NoORM
ledger_ledger,NoORM
lee19840806_quick_bus_web,NoORM
leedavis81_Drest,PhpDoctrine
legaultmarc_genometools,NoORM
legaultmarc_gepyto,NoORM
lespetitesficelles_clermontoise-subscription,PhpPropel
letsdrink_ouzo,NoORM
lexik_LexikFormFilterBundle,PhpDoctrine
LExpress_symfony1,NoORM
libgeos_libgeos,NoORM
libical_libical,NoORM
libis_cag_tools,NoORM
libis_Flandrica,NoORM
libLAS_libLAS,NoORM
libmx3_mx3,NoORM
lichtner_fluentpdo,NoORM
lifesign_laravel3-evolution,PhpDoctrine
lightblue-platform_lightblue-rdbms,JavaHibernate
liip_LiipDrupalRegistryModule,NoORM
Lingewoud_deployTYPO3,NoORM
link-nv_util,JavaHibernate
linovia_django-bug-hipster,PhythonDjango
Litheblas_blasfisk,PhythonDjango
littleyoda_hibiscus.depotviewer,NoORM
LitusProject_Litus,PhpDoctrine
livestreet_livestreet,NoORM
lizardsystem_lizard-fewsjdbc,PhythonDjango
lizardsystem_lizard-map,PhythonDjango
lkiesow_opencast-matterhorn,NoORM
llimllib_limbo,NoORM
llimllib_slask,NoORM
lloc_Multisite-Language-Switcher,NoORM
lmr_avocado,NoORM
loads_loads-broker,NoORM
loadsys_CakePHP-Skeleton,NoORM
lobid_lodmill,NoORM
locationtech_udig-platform,NoORM
lodge_lodge,NoORM
log2timeline_dfvfs,NoORM
longshine_EasyDb4J,NoORM
loomio_loomio,NoORM
loresoft_EntityFramework.Extended,.NETEntityFramework
loresoft_msbuildtasks,.NETEntityFramework
lorien_grab,NoORM
lotus_lotus,NoORM
lotus_model,NoORM
lox_pheasant,NoORM
lpantano_seqcluster,NoORM
lra_mackup,NoORM
lsaffre_lino,PhythonDjango
LSTS_neptus,NoORM
lucianot_dealbook,NoORM
lucifer4o_eventmedals,NoORM
lucifer4o_postlove,NoORM
ludovicchabant_PieCrust2,NoORM
lugnsk_micro,NoORM
luispedro_jug,NoORM
LUMC_mutalyzer,PhythonSQLAlchemy
LuminanceHDR_LuminanceHDR,NoORM
lunarlogic_pg_morph,NoORM
Luzifer_PHPFramework,NoORM
lwindolf_liferea,c++litesql
lytc_sloths,NoORM
m6w6_pq-gateway,NoORM
m9aertner_PBKDF2,NoORM
mackstar_Spout,NoORM
magento_magento2,NoORM
magiclabs_alchemy_cms,NoORM
MagLev_maglev,NoORM
magnumripper_JohnTheRipper,PhythonDjango
maiwald_beetle_etl,NoORM
majorsilence_My-FyiReporting,.NETEntityFramework
making_categolj2-backend,JavaHibernate
mako-framework_framework,NoORM
malukenho_MigrateDB,NoORM
mamebro_mameblo,NoORM
mamuz_MamuzBlog,PhpDoctrine
man-at-home_totask2,JavaHibernate
ManageIQ_manageiq,NoORM
mangosthree_server,ObjCCoreData
mangostwo_server,ObjCCoreData
ManifestWebDesign_DABL,NoORM
mantisbt_mantisbt,NoORM
mapbox_mapbox-gl-native,ObjCCoreData
mapbox_mbutil,NoORM
mapproxy_mapproxy,NoORM
mapserver_mapserver,NoORM
mapzen_mapzen-android-demo,NoORM
mapzen_open,NoORM
mar10_wsgidav,NoORM
marcelloceschia_chan-sccp-b,NoORM
mardiros_pyshop,NoORM
markjaquith_gifdrop,NoORM
markovmodel_PyEMMA,NoORM
marytts_marytts,NoORM
mathcamp_dql,NoORM
mathielen_import-engine,PhpDoctrine
MatthewGerber_asymmetric-threat-tracker,.NETEntityFramework
matthuhiggins_foreigner,NoORM
mavenlink_my_obfuscate,NoORM
maxcom_lorsource,NoORM
maxlapshin_mysql2postgres,NoORM
maxtepkeev_architect,PhythonDjango
MayOneUS_mayday-2.0-backend,NoORM
mazaclub_tate,NoORM
mbedmicro_mbed,NoORM
mbezjak_vhdllab,JavaHibernate
mbilbille_jpnforphp,NoORM
mbrevda_aurasql-queryproxy,NoORM
mc-server_MCServer,NoORM
mdtraj_mdtraj,NoORM
me1ifaro_MelifaroBookingBundle,PhpDoctrine
meebey_smuxi,.NETEntityFramework
meganz_sdk,ObjCCoreData
meinicke_VarexJ,NoORM
melor_poni,NoORM
memsql_memsql-python,NoORM
MetaModels_core,NoORM
metamx_druid,JavaHibernate
metaskills_store_configurable,NoORM
MetricsGrimoire_CVSAnalY,NoORM
MetricsGrimoire_MailingListStats,PhythonSQLAlchemy
mfenniak_pg8000,NoORM
mfpiccolo_happy_place,NoORM
mgaitan_preciosa,PhythonDjango
mgerhardy_caveexpress,c++litesql
mgup_hq,NoORM
miagebdx_website,JavaHibernate
michaelwittig_java-q,NoORM
mickem_nscp,NoORM
microweber_microweber,NoORM
midasplatform_Midas,NoORM
midgetspy_Sick-Beard,PhythonDjango
mikey-austin_greyd,NoORM
miled_wordpress-social-login,NoORM
MinecraftWars_Gringotts,NoORM
MineTime-game_minetime,NoORM
ministryofjustice_courtfinder,PhythonDjango
ministryofjustice_parliamentary-questions,NoORM
ministryofjustice_peoplefinder,NoORM
minnal_minnal,JavaHibernate
mishal_iless,NoORM
misterbisson_bcms,NoORM
misterbisson_bsocial,NoORM
misterbisson_bstat,NoORM
misterbisson_scriblio,NoORM
misterbisson_scriblio-authority,NoORM
mitreid-connect_OpenID-Connect-Java-Spring-Server,NoORM
mitsuhiko_flask,NoORM
mixxxdj_mixxx,ObjCCoreData
mjacobus_php-query-builder,NoORM
mkristian_jbundler,NoORM
mlavin_django-all-access,PhythonDjango
mmoreram_ControllerExtraBundle,PhpDoctrine
mmx900_ManalithBot,JavaHibernate
mneuhaus_TYPO3.Flow,PhpDoctrine
mnipper_rails_survey,NoORM
moai_moai-dev,ObjCCoreData
mobiledefense_google_safe_browsing,NoORM
Mogara_QSanguosha,NoORM
mogui_pyorient,NoORM
moiseevigor_email2db-php,PhpDoctrine
mollie_Magento,NoORM
mollie_OpenCart,NoORM
moneymanagerex_moneymanagerex,NoORM
mongodb_mongo-perl-driver,NoORM
monitoring-plugins_monitoring-plugins,NoORM
mono_f-spot,.NETEntityFramework
Morrolan_surrealism,NoORM
mosbth_cdatabase,NoORM
moskytw_mosql,NoORM
moteus_lua-lluv,NoORM
moteus_lua-odbc,NoORM
motown-io_motown,NoORM
mozilla_badges.mozilla.org,PhythonDjango
mozilla_balrog,PhythonSQLAlchemy
mozilla_bidpom,NoORM
mozilla_build-cloud-tools,PhythonSQLAlchemy
mozilla_build-tools,PhythonDjango
mozilla_captain,PhythonDjango
mozilla_crontabber,PhythonDjango
mozilla_fjord,PhythonDjango
mozilla_ichnaea,PhythonSQLAlchemy
mozilla_kuma,PhythonDjango
mozilla_moztrap,PhythonDjango
mozilla_olympia,PhythonDjango
mozilla_solitude,PhythonDjango
mozilla-services_server-syncstorage,PhythonSQLAlchemy
mozilla-services_tokenserver,PhythonSQLAlchemy
MPOS_php-mpos,NoORM
mroonga_mroonga,NoORM
mrq-cz_vocloud,JavaJavaBeans
mrsimo_minitest-perf,NoORM
mrspartak_php.bloom.filter,NoORM
mrtnzlml_www.zeminem.cz,PhpDoctrine
msiedlarek_wiring,NoORM
msoos_cryptominisat,c++litesql
MSOpenTech_cocos2d-x,ObjCCoreData
msproteomicstools_msproteomicstools,NoORM
mtford90_silk,PhythonDjango
mthenw_nosqlite.php,NoORM
Mudlet_Mudlet,NoORM
Multifarious_skid-road,JavaHibernate
MUNComputerScienceSociety_ABALookup,NoORM
MushroomObserver_mushroom-observer,NoORM
mvantellingen_psycopg2-ctypes,NoORM
mvo5_apt,NoORM
mwatts15_TagFS,c++litesql
mxhold_vimperor,NoORM
my-flow_importlist,NoORM
my-flow_paypalimporter,NoORM
mybatis_cdi,JavaMybatis
mybatis_generator,JavaMybatis
mybatis_guice,JavaMybatis
mybatis_ibatis-2,NoORM
mybatis_migrations,JavaMybatis
mybatis_migrations-maven-plugin,JavaMybatis
mybatis_mybatis-2,NoORM
mybatis_mybatis-3,JavaMybatis
mybatis_spring,JavaMybatis
mybatis_velocity-scripting,JavaMybatis
mycellar_mycellar,JavaHibernate
mycila_license-maven-plugin,NoORM
myExperiment_myExperiment,NoORM
MyGUI_mygui,.NETEntityFramework
mypebble_django-pgviews,PhythonDjango
MyRobotLab_myrobotlab,NoORM
mysociety_alaveteli,NoORM
mysociety_mapit,PhythonDjango
mysociety_pombola,PhythonDjango
mysociety_theyworkforyou,PhythonDjango
mysociety_za-hansard,PhythonDjango
mytestbed_omf,NoORM
nakagami_minipg,NoORM
named-data_ChronoChat,c++litesql
named-data_ndn-cxx,c++litesql
namick_obfuscate_id,NoORM
nanonyme_nanobot,NoORM
naparuba_shinken,PhythonDjango
nasa_europa,NoORM
nativebinary_java-common,NoORM
naturalatlas_node-gdal,c++litesql
naver_pinpoint,JavaMybatis
naver_yobi,NoORM
nazar-pc_CleverStyle-CMS,NoORM
nbari_DALMP,NoORM
nbudin_journey,NoORM
ncri_nested_form_fields,NoORM
NDbUnit_NDbUnit,NoORM
ndlib_curate_nd,NoORM
nea_vertx-mod-cassandra-persistor,NoORM
Nedomas_databound-rails,NoORM
needle4j_needle4j,JavaHibernate
neighborly_crowdfunding,NoORM
neighborly_neighborly-donate,NoORM
nemerosa_ontrack,NoORM
neovim_neovim,NoORM
nephila_djangocms-blog,PhythonDjango
net-commons_common-logging,.NETEntityFramework
netarchivesuite_netarchivesuite,JavaHibernate
netbout_netbout,NoORM
Netflix_zuul,NoORM
netgen_TagsBundle,NoORM
netguru_people,NoORM
NETivism_netiCRM,NoORM
nette_web-addons.nette.org,NoORM
netvirt_netvirt,NoORM
netz98_n98-magerun,NoORM
NEU-Libraries_cerberus,NoORM
neurosys-pl_doctrine-datatables,PhpDoctrine
newrelic_rpm,NoORM
nextras_dbal,NoORM
nextras_migrations,PhpDoctrine
nfephp-org_nfephp,NoORM
nfs-ganesha_nfs-ganesha,c++litesql
NFSdb_nfsdb,NoORM
ngenworks_rest_framework_ember,PhythonDjango
NGPVAN_killbill-direct-connect-plugin,NoORM
nicolaiarocci_eve,NoORM
nicolargo_glances,NoORM
nightingale-media-player_nightingale-deps,ObjCCoreData
nijel_weblate,PhythonDjango
nikdoof_dropbot,NoORM
nilopc_NilPortugues_PHP_Sphinx,NoORM
ninetwozero_com.ninetwozero.bf4intel,NoORM
ninja-ide_ninja-ide,NoORM
nipy_nibabel,NoORM
nishio-dens_convergence,NoORM
nkiraly_DBSteward,NoORM
NLP2RDF_software,NoORM
NLPchina_elasticsearch-sql,NoORM
nmap_nmap,NoORM
NMGRL_pychron,PhythonSQLAlchemy
No3x_wp-mail-logging,NoORM
nochowderforyou_clams,ObjCCoreData
noplay_python-mysql-replication,NoORM
nordsoftware_yii2-account,NoORM
norikra_norikra,NoORM
Novartis_railroadtracks,NoORM
NovaTecConsulting_BeanTest,JavaJavaBeans
ntl_orchestra,NoORM
ntwb_bbPress,NoORM
NuCivic_data_starter,NoORM
nunit_nunitv2,.NETEntityFramework
nuodb_migration-tools,NoORM
nuodb_nuodb-django,PhythonDjango
nuodb_nuodb-dotnet,.NETEntityFramework
nuodb_nuodb-python,NoORM
nuodb_ruby-activerecord-nuodb-adapter,NoORM
nurkiewicz_spring-data-jdbc-repository,NoORM
nutzam_nutz,NoORM
NYULibraries_ichabod,NoORM
o5_grido,PhpDoctrine
oasp_oasp4j,JavaHibernate
objectcomputing_mFAST,c++litesql
objectcomputing_OpenDDS,JavaHibernate
oblac_jodd,NoORM
OCA_account-financial-tools,NoORM
OCA_connector,NoORM
OCA_connector-magento,NoORM
OCA_hr,NoORM
OCA_management-system,NoORM
OCA_server-tools,PhythonSQLAlchemy
OCHA-DAP_hdx-ckan,PhythonSQLAlchemy
ochko_prudge,NoORM
Octokit_octokit.net,.NETEntityFramework
odesk_php-odesk,NoORM
oetiker_rrdtool-1.x,NoORM
OfficeStack_OpenSkedge,PhpDoctrine
ofri_Open-Knesset,PhythonDjango
ogawatti_twimock,NoORM
oharaandrew314_TinkerTime,NoORM
OHSystem_ohsystem,NoORM
ojny_oj_web,NoORM
olap4j_olap4j,NoORM
olivierlacan_orientation,NoORM
ollieglass_share-counter,NoORM
oltpbenchmark_oltpbench,NoORM
olx-inc_octopush,NoORM
omeka_Omeka,NoORM
omf2097_libShadowDive,NoORM
omniphx_forrest,NoORM
omnycms_omny-cms,NoORM
onaio_onadata,PhythonDjango
OneBusAway_onebusaway-application-modules,JavaHibernate
onefinestay_pylytics,NoORM
onepercentclub_onepercentclub-site,PhythonDjango
ongr-io_ConnectionsBundle,PhpDoctrine
ongr-io_MagentoConnectorBundle,PhpDoctrine
ongr-io_OXIDConnectorBundle,PhpDoctrine
OnroerendErfgoed_atramhasis,PhythonSQLAlchemy
ontop_ontop,NoORM
opal_opal-browser,NoORM
opbeat_opbeat_python,PhythonDjango
OpenACalendar_OpenACalendar-Web-WordPress,NoORM
openaddresses_machine,NoORM
openalea_openalea,NoORM
openaustralia_morph,NoORM
openaustralia_openaustralia-parser,NoORM
openaustralia_planningalerts-app,NoORM
OpenBuildings_jam,NoORM
OpenBuildings_jam-auth,NoORM
OpenBuildings_jam-monetary,NoORM
OpenBuildings_jam-taxonomy,NoORM
OpenBuildings_promotions,NoORM
OpenBuildings_purchases,NoORM
OpenBuildings_shipping,NoORM
OpenBuildings_site-versions,NoORM
OpenBuildings_timestamped-migrations,NoORM
OpenBX_obx.core,NoORM
openc_openc_bot,NoORM
opencfp_opencfp,NoORM
openchange_openchange,NoORM
OpenChannelSSD_qemu-nvme,ObjCCoreData
opencivicdata_pupa,PhythonDjango
openclonk_openclonk,ObjCCoreData
OpenCover_opencover,.NETEntityFramework
opencredit_badgeos,NoORM
opendatatrentino_ckan-api-client,NoORM
opendatatrentino_opendata-harvester,NoORM
opener-project_scorer,NoORM
openfoodfoundation_openfoodnetwork,NoORM
OpenFurry_ideawheel,NoORM
OpenGrok_OpenGrok,NoORM
openhatch_oh-mainline,PhythonDjango
openid_python-openid,PhythonDjango
OpenImporter_openimporter,NoORM
openintents_safe,NoORM
openintents_shoppinglist,NoORM
openjournals_brief-ideas,NoORM
openlabs_nereid,PhythonDjango
openMF_mifosx,JavaHibernate
openmicroscopy_bioformats,NoORM
openparty_openparty,PhythonDjango
openplanets_plato,JavaJavaBeans
openpnp_openpnp,NoORM
OpenSOC_opensoc-streaming,NoORM
opensoft_rollout,NoORM
opensource-socialnetwork_opensource-socialnetwork,NoORM
opensource21_sze,NoORM
openstax_accounts,NoORM
openstreetmap_mod_tile,NoORM
openstreetmap_openstreetmap-website,NoORM
openSUSE_open-build-service,NoORM
opentable_otj-pg-embedded,NoORM
OpenTreeMap_OTM2,PhythonDjango
Opentribes_Core,NoORM
OpenUpgrade_OpenUpgrade,NoORM
openvswitch_ovs,NoORM
openworm_CElegansNeuroML,NoORM
openworm_PyOpenWorm,NoORM
opis_database,NoORM
opscode_mixlib-shellout,NoORM
opscode_ohai,NoORM
opscode_supermarket,NoORM
opscode-cookbooks_chef-client,NoORM
opscode-cookbooks_mysql,NoORM
opscode-cookbooks_supermarket,NoORM
optionu_stolpersteine-android,NoORM
Orangescrum_orangescrum,NoORM
orchestral_debug,NoORM
orchestral_model,NoORM
orchestral_tenanti,NoORM
orchestrate-io_jdbc-importer,NoORM
orientechnologies_spring-data-orientdb,NoORM
orno_db,NoORM
orocrm_crm,PhpDoctrine
orocrm_platform,PhpDoctrine
orslumen_record-cache,NoORM
orthodoc_ayosi,NoORM
osaris_sp-gestion,NoORM
oscarotero_simplecrud,NoORM
OSGeo_gdal,c++litesql
osheroff_ar_mysql_flexmaster,NoORM
osiam_connector4java-integration-tests,NoORM
oskopek_carcv,JavaJavaBeans
ossec_ossec-hids,NoORM
OSSOS_MOP,PhythonSQLAlchemy
Ostico_PhpOrient,NoORM
OSU-Net_cyder,PhythonDjango
osulp_Room-Reservation,NoORM
OTBProject_OTBProject,NoORM
otland_forgottenserver,NoORM
ottino_geslab,NoORM
otwcode_otwarchive,NoORM
outbrain_ob1k,NoORM
owncloud_bookmarks,NoORM
owncloud_contacts,NoORM
owncloud_mail,NoORM
owncloud_web_hooks,NoORM
OXID-eSales_oxideshop_ce,NoORM
oxidemod_Oxide,.NETEntityFramework
oyiptong_splice,PhythonSQLAlchemy
p6spy_p6spy,NoORM
pac4j_pac4j,NoORM
packaged_mappers,PhpDoctrine
padc_DevConSummit,NoORM
paetzke_format-sql,NoORM
palkan_influxer,NoORM
PandariaCore_PandariaCore,NoORM
pandegroup_mdtraj,NoORM
pandegroup_openmm,NoORM
pandegroup_osprey,NoORM
panterch_future_kids,NoORM
pantheon-systems_wp_launch_check,NoORM
papayaCMS_papayacms-core,NoORM
parallella_pal,NoORM
pardom_ActiveAndroid,NoORM
pardom_ollie,NoORM
Parisson_Telemeta,PhythonDjango
pascalj_meh,NoORM
pat_riddle,NoORM
pat_thinking-sphinx,NoORM
patou_bigquery-dashboard,NoORM
paukiatwee_budgetapp,JavaHibernate
paul-m_VirtualPersistAPI,PhpDoctrine
paulfitz_coopy,c++litesql
pavel-pimenov_flylinkdc-r5xx,c++litesql
PayPal_PayPal-NET-SDK,.NETEntityFramework
Payum_Payum,PhpPropel
pbearne_wp-author-avatars,NoORM
pbl2014_Detector,NoORM
pcgen_pcgen,NoORM
PDAL_PDAL,c++litesql
pdxacm_acm.pdx.edu,NoORM
PeaceCorps_realtrack-android,NoORM
pear_Auth,NoORM
pear_pear-core,NoORM
pear_pearweb,NoORM
pebble_qemu,ObjCCoreData
PedroLourenco_MendeleyPaperReader_Gradle,NoORM
pele-python_pele,PhythonSQLAlchemy
peltier_ocelot,NoORM
percolator_percolator,c++litesql
perseas_Pyrseas,NoORM
peteraba_dermailer,PhpDoctrine
PeterRyder_Check-Up,.NETEntityFramework
petervanderdoes_AVH-Framework,NoORM
pettazz_JACKED,NoORM
pfaocle_codeception-module-drupal-user-registry,NoORM
pgjdbc_pgjdbc,NoORM
pgpointcloud_pointcloud,NoORM
pgRouting_pgrouting,NoORM
phacility_xhprof,NoORM
PhalconEye_cms,NoORM
PhantomYdn_wicket-orientdb,NoORM
phdeniel_nfs-ganesha,c++litesql
philiplb_CRUDlex,NoORM
phingofficial_phing,NoORM
phlipper_chef-newrelic-sysmond,NoORM
phlipper_chef-postgresql,NoORM
phlipper_chef-redis,NoORM
phoenix-labs_eloquent-meta,NoORM
Phonations_Joker,NoORM
photo_frontend,NoORM
photoshell_photoshell,NoORM
php_php-src,c++litesql
phpbb_area51-phpbb3,NoORM
phpbb_customisation-db,NoORM
phpbb_phpbb,NoORM
phpbb-extensions_boardrules,NoORM
phpBBSEO_premod,NoORM
phpBBSEO_usu,NoORM
phpcr_phpcr-shell,NoORM
phpcr_phpcr-utils,NoORM
phpforce_soap-client,NoORM
phphants_phph-site,PhpDoctrine
PHPixie_ORM,NoORM
PHPMailer_PHPMailer,NoORM
phpmyadmin_error-reporting-server,NoORM
phpmyadmin_phpmyadmin,NoORM
PHPOffice_PHPExcel,NoORM
PierreQuentel_PyDbLite,NoORM
pietermartin_sqlg,NoORM
pimcore_pimcore,NoORM
pinax_django-stripe-payments,PhythonDjango
pinax_symposion,PhythonDjango
pippinsplugins_Restrict-Content-Pro,NoORM
pivotal_projectmonitor,NoORM
piwik_piwik,NoORM
pkarl_quick-query,NoORM
pkp_ojs,NoORM
pkp_omp,NoORM
playframework_play1,JavaHibernate
pmwkaa_sophia,NoORM
po-devs_pokemon-online,NoORM
PocketRent_beatbox,NoORM
Podemos-TICS_ComunidadPodemos,NoORM
pods-framework_pods,NoORM
poise_poise,NoORM
polyjdbc_polyjdbc,NoORM
pomm-project_Cli,NoORM
pomm-project_Foundation,NoORM
pomm-project_ModelManager,NoORM
posativ_isso,NoORM
postgis_postgis,NoORM
postrank-labs_goliath,NoORM
potatolondon_djangae,PhythonDjango
pothibo_ecrire,NoORM
PowerDNS_pdns,c++litesql
ppatrik_paz1c-mp3library,NoORM
pradosoft_prado,NoORM
praekelt_jmbo,PhythonDjango
PramodBisht_HackerEarth-Calendar,NoORM
praxes_praxes,NoORM
pregelix_pregelix,NoORM
Presage_Presage2,NoORM
presidentbeef_brakeman,NoORM
PressForward_pressforward,NoORM
PressLabs_toplytics,NoORM
PrestaShop_PrestaShop,PhpDoctrine
prezi_django-zipkin,PhythonDjango
pricewaiter_magento,NoORM
primecloud-controller-org_primecloud-controller,NoORM
privacyidea_privacyidea,PhythonSQLAlchemy
professor_whiteboard,NoORM
ProgVal_Limnoria,PhythonSQLAlchemy
ProgVal_Supybot-plugins,PhythonDjango
Project-OSRM_osrm-backend,c++litesql
projectestac_moodle-mod_jclic,NoORM
ProjectSkyfire_SkyFire_5xx,NoORM
ProjectSkyfire_SkyFire.548,NoORM
projecttacoma_bonnie,ObjCCoreData
ProjetPP_PPP-Core,NoORM
ProjetPP_PPP-Logger,NoORM
prooph_event-store-doctrine-adapter,NoORM
prooph_event-store-zf2-adapter,NoORM
propelorm_Propel,PhpPropel
propelorm_Propel2,PhpPropel
provisioner_Provisioner,NoORM
pry_pry,NoORM
pteichman_cobe,NoORM
ptejada_uFlex,NoORM
ptrckbrwn_cooper-rails,NoORM
ptrckbrwn_idoru,NoORM
ptrv_gpx2spatialite,NoORM
pudo_dataset,NoORM
pulse00_Symfony-2-Eclipse-Plugin,PhpDoctrine
punchagan_childrens-park,NoORM
puniverse_galaxy,NoORM
Purii_muneco,NoORM
PurposeOpen_Platform,NoORM
pushtorefresh_bamboo-storage,NoORM
Putnami_putnami-web-toolkit,NoORM
PuzzleFlow_activerecord-postgres-composite-types,NoORM
pwman3_pwman3,NoORM
pwyf_IATI-Data-Quality,NoORM
px4_Firmware,NoORM
PyBossa_pybossa,PhythonSQLAlchemy
pydanny_django-admin2,PhythonDjango
pydata_pandas,PhythonSQLAlchemy
pydio_pydio-core,NoORM
pydoit_doit,NoORM
Pylons_pyramid,PhythonDjango
PyMamba_mamba-framework,NoORM
pymc-devs_pymc3,NoORM
PyMySQL_Tornado-MySQL,NoORM
pypa_pip,NoORM
pypa_warehouse,PhythonSQLAlchemy
PyTables_PyTables,NoORM
pytest-dev_pytest-django,PhythonDjango
pythonforfacebook_facebook-sdk,NoORM
q2a_question2answer,NoORM
Qabel_qabel-core,NoORM
qckanemoto_PaginationServiceProvider,NoORM
qcubed_framework,NoORM
qemu_qemu,ObjCCoreData
Qiriqoo_ultimate-cycle-distrib,NoORM
QoboLtd_project-template-cakephp,NoORM
qos-ch_logback,NoORM
qreal_qreal,NoORM
QSanguosha_QSanguosha,NoORM
qua-bla_edentata,NoORM
quantmind_pulsar,NoORM
quantopian_zipline,PhythonSQLAlchemy
qubole_qds-sdk-py,NoORM
querydsl_querydsl,JavaHibernate
QueueClassic_queue_classic,NoORM
QueueClassic_queue_classic_admin,NoORM
quickapps_cms,NoORM
quickfix_quickfix,NoORM
QupZilla_qupzilla,NoORM
qutip_qutip,NoORM
r509_r509,NoORM
r7kamura_scheman,NoORM
rackerlabs_blueflood,JavaHibernate
rackerlabs_deuce,NoORM
rackerlabs_ohai-plugins,NoORM
rackerlabs_otter,NoORM
rackerlabs_python-cloudbackup-sdk,NoORM
rackerlabs_silverberg,NoORM
rackspace-cookbooks_nodestack,NoORM
rackspace-orchestration-templates_drupal-multi,NoORM
rackspace-orchestration-templates_nodejs-clouddb,NoORM
rackspace-orchestration-templates_rails-app-multi,NoORM
radar_paranoia,NoORM
radar_twist,NoORM
radiant_radiant,NoORM
radicaldesigns_revent,NoORM
rails_activerecord-session_store,NoORM
rainforestapp_queue_classic_plus,NoORM
ramblingsofadev_RDev,NoORM
ramontayag_storey,NoORM
ramr_redmine-2.0-openshift-quickstart,NoORM
ranacseruet_codeigniterplus,PhpDoctrine
randombit_botan,c++litesql
RangeNetworks_openbts,c++litesql
raoul2000_yii2-workflow,NoORM
raphaelm_opacclient,NoORM
rapid7_metasploit_data_models,NoORM
rapid7_metasploit-credential,NoORM
rapid7_metasploit-framework,.NETEntityFramework
rapidftr_RapidFTR-Android,NoORM
rasheedamir_fmu,JavaHibernate
ratchetphp_Ratchet,NoORM
rathena_rathena,NoORM
raulfraile_Ladybug,NoORM
Ravenbrook_mps-temporary,c++litesql
Ray-DI_Ray.AuraSqlModule,NoORM
rbock_sqlpp11,NoORM
rcatlin_ryancatlin-info,PhpDoctrine
rdiachenko_JLV,NoORM
rdlowrey_Auryn,NoORM
rdy_fixture_builder,NoORM
readdle_fqdb,NoORM
ReadyTalk_revori,NoORM
realejo_library-zf2,NoORM
realityforge_dbt,NoORM
realityforge-experiments_footprints,JavaJavaBeans
reclosedev_requests-cache,NoORM
recoilphp_database,NoORM
red6_dbmaintain,NoORM
redaxo_redaxo,NoORM
RedChrome_Chrome-PHP,NoORM
redcross_arcdata,NoORM
redmine_redmine,NoORM
Redpill-Linpro_spring-config-jdbc,NoORM
ReduxFramework_Redux-Framework,NoORM
reevoo_reevoomark-php-api,NoORM
reexjungle_xcal,.NETEntityFramework
reidab_citizenry,NoORM
rejasupotaro_Rebuild,NoORM
relrod_dagd,NoORM
rembo10_headphones,PhythonDjango
remibantos_jeeshop,JavaJavaBeans
remram44_file_archive,NoORM
repoze_repoze.who,NoORM
resiprocate_resiprocate,ObjCCoreData
Respect_Config,NoORM
Respect_Relational,NoORM
reviewboard_rbtools,NoORM
rgeo_activerecord-postgis-adapter,NoORM
rgeo_rgeo,NoORM
rgerhards_rsyslog,NoORM
rhodges_hodgimoto,PhythonDjango
richardkiss_pycoin,NoORM
rightscale_praxis-mapper,NoORM
rightscale_right_link,NoORM
rightscale_sql_partitioner,NoORM
rightscale-cookbooks_rs-mysql,NoORM
RiotGamesMinions_motherbrain,NoORM
ripaclub_sphinxsearch,NoORM
ripple_rippled,c++litesql
Risoluto_Risoluto-Core,NoORM
RIT-Tool-Time_Soundfall,NoORM
RITAccess_accessbraille,ObjCCoreData
rletters_rletters,NoORM
rmcgibbo_osprey,NoORM
rmrevin_yii2-file,NoORM
RNAcentral_rnacentral-webcode,PhythonDjango
ROBelgium_MSNoise,NoORM
RobertHeim_phpbb-ext-topictags,NoORM
robinandeer_chanjo,NoORM
RobinDev_DataTablesPHP,NoORM
robmorgan_phinx,NoORM
roboguice_roboguice,JavaHibernate
robotology_wysiwyd,NoORM
robotology_yarp,c++litesql
rogeralsing_akka.net,.NETEntityFramework
rollerworks_PasswordStrengthBundle,NoORM
rom-rb_rom-sql,NoORM
ronan-mch_det_sker,NoORM
ronnix_fabtools,NoORM
rootpy_rootpy,NoORM
rosedu_rosedu-people,PhythonDjango
rosedu_wouso,PhythonDjango
roundrop_facebook4j,NoORM
rsdn_avalon,NoORM
rshk_jobcontrol,NoORM
rspec_rspec-rails,NoORM
rstats-db_RMySQL,NoORM
rsyslog_rsyslog,NoORM
RT-Thread_rt-thread,c++litesql
rtCamp_rt-lib,NoORM
rubber_rubber,PhythonDjango
ruboto_ruboto,NoORM
ruby_bugs.ruby-lang.org,NoORM
ruby_ruby,NoORM
ruby-concurrency_concurrent-ruby,NoORM
ruby-rcade_RubyGameDev.com,NoORM
ruby-rdf_sparql,NoORM
rubychan_coderay,NoORM
rubyclerks_sales_clerk,NoORM
rubygems_rubygems-infrastructure,NoORM
rubygems_rubygems.org,NoORM
rubyworks_facets,NoORM
ruckus_quickbooks-ruby,NoORM
ruckus_ruckusing-migrations,NoORM
Runalyze_Runalyze,PhpDoctrine
runrev_livecode,ObjCCoreData
ruport_ruport,NoORM
RuralIndia_pari,PhythonDjango
rvagg_node-leveldown,c++litesql
rvillars_bookapp-rest,NoORM
ryanhowdy_fcms,NoORM
ryanj_silex-base,NoORM
rybakit_phive-queue,NoORM
rydurham_Sentinel,NoORM
sachac_quantified,NoORM
saltstack_salt,PhythonDjango
sam-media_wurfl-api,NoORM
samaaron_sonic-pi,ObjCCoreData
samg_timetrap,NoORM
sammthomson_semafor,NoORM
sampsyo_beets,NoORM
samskivert_samskivert,NoORM
SAP_cloud-dirigible,NoORM
Sarabveer_SourceBans,NoORM
sarxos_webcam-capture,NoORM
saschaiseli_opentrainingcenter,JavaHibernate
satanasov_birthdaycontrol,NoORM
satanasov_eventmedals,NoORM
satanasov_phpbbgallery,NoORM
satanasov_postlove,NoORM
SatelliteQE_robottelo,NoORM
satnet-project_server,PhythonDjango
satyan_sugar,NoORM
savoirfairelinux_monitoring-tools,NoORM
savoirfairelinux_sflvault,NoORM
saw303_dox,JavaHibernate
sawcordwell_pymdptoolbox,NoORM
sawilde_opencover,.NETEntityFramework
saxix_django-concurrency,PhythonDjango
sayakb_sticky-notes,NoORM
sbp_saxo,NoORM
sbrunner_tilecloud-chain,NoORM
scanny_python-pptx,NoORM
schaloner_deadbolt-2-java,NoORM
schambers_fluentmigrator,.NETEntityFramework
SchemaPlus_schema_validations,NoORM
schickling_laravel-backup,NoORM
Schlaefer_Saito,NoORM
schmittjoh_JMSJobQueueBundle,PhpDoctrine
scholarslab_BagItPlugin,NoORM
scholarslab_prism,NoORM
scieloorg_SciELO-Manager,PhythonDjango
SCIInstitute_SCIRun,c++litesql
scirate_scirate,NoORM
scooterw_ffi-ogr,NoORM
scottfeldman_qemu-rocker,ObjCCoreData
scraperwiki_scraperwiki-python,PhythonSQLAlchemy
scrapinghub_crawl-frontier,NoORM
screenconcept_kuhsaft,NoORM
screenconcept_qbrick,NoORM
sculptor_sculptor,JavaHibernate
sdebacker_TypiCMS,NoORM
sdementen_piecash,NoORM
sdepold_sequel-bit_fields,NoORM
sdpython_ensae_teaching_cs,NoORM
sdpython_pyensae,NoORM
sdpython_pyquickhelper,NoORM
seamusabshere_the_geom_geojson,NoORM
seamusabshere_upsert,NoORM
seanderickson_lims,PhythonDjango
SeanTater_uncc2014watsonsim,NoORM
searchisko_searchisko,JavaJavaBeans
sebastianbergmann_dbunit,NoORM
sebastianbergmann_money,NoORM
sebbacon_alaveteli,NoORM
sebhoss_junit-testdata-rule,NoORM
seblucas_cops,NoORM
securestate_king-phisher,PhythonSQLAlchemy
SEED-platform_seed,PhythonDjango
seek4science_seek,NoORM
SEL-columbia_dokomoforms,PhythonSQLAlchemy
Seldaek_monolog,NoORM
selimnairb_EcohydroLib,NoORM
SemanticMediaWiki_SemanticWatchlist,NoORM
semirook_sphinxit,NoORM
sepro_plasmid-db,NoORM
SeqWare_seqware,JavaJavaBeans
SerCeMan_cjdb,NoORM
serenity-bdd_serenity-core,JavaHibernate
servebox_electric_sheep,NoORM
serverdensity_sd-agent,NoORM
sfu-fas_coursys,PhythonDjango
shabbyrobe_amiss,NoORM
shadabahmed_logstasher,NoORM
shahakshay94_tied_gnu,NoORM
shalupov_idea-cloudformation,NoORM
Sharagoz_rails_exception_handler,NoORM
Sharepear_Sharepear,PhpDoctrine
sharethrough_flare-up,NoORM
sheabunge_code-snippets,NoORM
shilad_wikibrain,NoORM
shinken-monitoring_mod-livestatus,NoORM
shinken-monitoring_mod-logstore-sqlite,NoORM
shirok_Gauche,NoORM
shish_shimmie2,NoORM
shogodev_argilla,NoORM
sholsapp_gallocy,c++litesql
Shopify_activerecord-pedantmysql2-adapter,NoORM
shopware_shopware,PhpDoctrine
ShopwareAG_shopware-4,PhpDoctrine
ShopwareAG_sw-cli-tools,PhpDoctrine
shopwareLabs_sw-cli-tools,PhpDoctrine
shyiko_mysql-binlog-connector-java,NoORM
SickGear_SickGear,PhythonDjango
SiCKRAGETV_SickRage,NoORM
sigma-z_Dive,NoORM
silexphp_Silex,NoORM
silverstripe_silverstripe-cms,NoORM
silverstripe_silverstripe-comments,NoORM
silverstripe_silverstripe-forum,NoORM
silverstripe_silverstripe-framework,NoORM
silverstripe_silverstripe-postgresql,NoORM
silverstripe_silverstripe-translatable,NoORM
silverstripe_silverstripe-userforms,NoORM
silverstripe-australia_silverstripe-queuedjobs,NoORM
simonbernard_refineT,NoORM
SimonKagstrom_kcov,NoORM
SimonVT_cathode,NoORM
Simperium_simperium-android,NoORM
SimpleLance_SimpleLance,NoORM
simplesamlphp_simplesamlphp,NoORM
simplethings_EntityAudit,PhpDoctrine
SimTk_mdtraj,NoORM
SimTk_openmm,NoORM
sinfomicien_mariadb,NoORM
siriusphp_validation,NoORM
sj26_mailcatcher,NoORM
sk89q_worldguard,NoORM
skandragon_thing,NoORM
SkyFireArchives_SkyFireEMU_406a,NoORM
SkylarKelty_Fizz,NoORM
skylightio_skylight-ruby,NoORM
SkymindIO_deeplearning4j,NoORM
skypher_cerridwen,NoORM
skyserpent_cakephp-oauth2-demo,NoORM
SkyTruth_scraper,NoORM
slax0rr_BaseModel,NoORM
Slesa_Poseidon,.NETEntityFramework
smallstoneapps_multi-timer,NoORM
smathieu_prosperity,NoORM
smooks_smooks,JavaHibernate
sneerteam_sneer,NoORM
snipe_snipe-it,NoORM
snowcap_SnowcapAdminBundle,PhpDoctrine
SnowflakePowered_snowflake,.NETDapper
snowman-io_snowman-io,NoORM
SocalNick_ScnSocialAuth,NoORM
SOCI_soci,c++litesql
socialcast_masamune,NoORM
soft-matter_mr,NoORM
soft-matter_trackpy,NoORM
SoftwareDefinedBuildings_smap,NoORM
soimort_you-get,NoORM
solcre_columnis-express,NoORM
SonarSource_sonarqube,JavaMybatis
sonatype_sisu-guice,JavaHibernate
Soneritics_Framework,NoORM
sonots_ruby-sql-maker,NoORM
sosandstrom_mardao,NoORM
soundcloud_lhm,NoORM
sourcefabric_Newscoop,PhpDoctrine
sozialhelden_poichecker,NoORM
spacecowboy_NotePad,NoORM
SpamExperts_pyzor,NoORM
sparkapi_sparkapi4p2,NoORM
sparklemotion_sqlite3-ruby,c++litesql
sparklingpandas_sparklingpandas,NoORM
spectralpython_spectral,NoORM
spilin_mincer,NoORM
splitbrain_dokuwiki,NoORM
spockframework_spock,NoORM
SpontaneousCMS_spontaneous,NoORM
spoqa_geofront,NoORM
sportngin_active_zuora,NoORM
sportngin_hubstats,NoORM
sportsynergy_clubpro,NoORM
spotify_cassandra-reaper,JavaHibernate
spotify_luigi,PhythonSQLAlchemy
sprangular_sprangular,NoORM
spree_spree,NoORM
spree_spree_i18n,NoORM
spree-contrib_spree_i18n,NoORM
spring_spring,ObjCCoreData
spring-io_sagan,JavaHibernate
spring-projects_spring-data-examples,NoORM
spring-projects_spring-insight-plugins,JavaJavaBeans
spring-projects_spring-integration-java-dsl,NoORM
spring-projects_spring-net,.NETNHibernate
SpringData_spring-data-cassandra,NoORM
springside_springside4,NoORM
SpriteLink_NIPAP,NoORM
SQLDroid_SQLDroid,NoORM
sqlobject_sqlobject,PhythonSQLObject
square_ETL,NoORM
square_kochiku,NoORM
square_libcrange,c++litesql
square_shuttle,NoORM
stackforge_stacktach,PhythonDjango
staffanm_ferenda,NoORM
stagemonitor_stagemonitor,JavaJavaBeans
stanfy_enroscar,NoORM
stanislav-web_Phalcon-development,NoORM
stanislav-web_Searcher,NoORM
starterkits_rails4-starterkit,NoORM
startupvictoria_membership-site,NoORM
steakknife_oui,NoORM
steampilot_event-calendar,NoORM
stefanfoulis_django-filer,PhythonDjango
StefanKjartansson_django-postgres-audit,PhythonDjango
stefanledin_responsify-wp,NoORM
stefanocasazza_ULib,c++litesql
stellar_stellard,c++litesql
stephenharris_Event-Organiser,NoORM
steverice_pt-osc,NoORM
stfalcon_fwdays,PhpDoctrine
stfalcon_portfolio,PhpDoctrine
stillmaintained_stillmaintained,NoORM
stmichael_data-import,NoORM
stnava_ANTS,NoORM
Storj_accounts,NoORM
Storj_cloud-manager,NoORM
Stratio_flume-ingestion,NoORM
Stratio_stratio-ingestion,NoORM
StratusLab_client,NoORM
StratusLab_storage,NoORM
straydogstudio_axlsx_rails,NoORM
strongswan_strongswan,c++litesql
strongswan_strongTNC,PhythonDjango
structr_structr,NoORM
stuartgunter_dropwizard-cassandra,JavaHibernate
SuckerServ_suckerserv,NoORM
sul-dlss_argo,NoORM
sulu-cmf_sulu,PhpDoctrine
sulu-io_sulu,PhpDoctrine
sulu-io_sulu-standard,NoORM
suminb_spider,NoORM
suminb_translator,PhythonSQLAlchemy
summerblue_phphub,NoORM
sunitparekh_data-anonymization,NoORM
sunlightlabs_scrapelib,NoORM
sunpinyin_sunpinyin,ObjCCoreData
sunpy_sunpy,PhythonSQLAlchemy
sunsetbrew_civetweb,ObjCCoreData
sunshinephp_talkrate,NoORM
sunspot_sunspot,NoORM
Suor_handy,PhythonDjango
SuperCowPowers_workbench,NoORM
SuRaMoN_itertools,NoORM
SURFnet_Stepup-Middleware,PhpDoctrine
swiftmailer_swiftmailer,NoORM
swisscom_cleanerversion,PhythonDjango
SwissTPH_openmalaria,NoORM
Sylius_Sylius,PhpPropel
sylvainlaurent_JDBC-Performance-Logger,JavaMybatis
symfony_symfony,PhpDoctrine
symfony2admingenerator_AdmingeneratorGeneratorBundle,PhpDoctrine
symfony2admingenerator_GeneratorBundle,PhpDoctrine
synapsestudios_synapse-base,NoORM
syncany_syncany,NoORM
syncany_syncany-plugin-dropbox,NoORM
syncany_syncany-plugin-gui,NoORM
syncany_syncany-plugin-s3,NoORM
syncany_syncany-plugin-samba,NoORM
syncany_syncany-plugin-sftp,NoORM
syncany_syncany-plugin-swift,NoORM
syncany_syncany-plugin-webdav,NoORM
Synchro_PHPMailer,NoORM
synthicity_synthpop,NoORM
synyx_urlaubsverwaltung,JavaHibernate
sysdb_sysdb,NoORM
tag_sudzy,NoORM
taigaio_taiga-back,PhythonDjango
tananaev_traccar,NoORM
tarantool_tarantool,NoORM
tarasko_edba,c++litesql
tarioch_eveapi-fetcher-bundle,PhpDoctrine
taskrabbit_forklift,NoORM
taskrabbit_makara,NoORM
taylor-project_taylor-seam-jsf2,JavaHibernate
TCA-Team_TumCampusApp,NoORM
tdiary_tdiary-contrib,NoORM
team-umlaut_umlaut,NoORM
teamnaruby_askalot,NoORM
TeamTrillium_Trillium,NoORM
TechEmpower_FrameworkBenchmarks,JavaHibernate
techlahoma_techlahoma,NoORM
technoweenie_guillotine,NoORM
tecip-nes_pyot,PhythonDjango
tedious_Stash,NoORM
TeenQuotes_website,NoORM
telefonicaid_fiware-commonsproperties,NoORM
telefonicaid_fiware-paas,JavaHibernate
telefonicaid_fiware-sdc,JavaHibernate
tempo-project_tempo,PhpDoctrine
tendenci_tendenci,PhythonDjango
tensorjack_grapple,NoORM
teracyhq_dev,NoORM
terah_fluent-pdo-model,NoORM
terasolunaorg_terasoluna-gfw,NoORM
terasolunaorg_terasoluna-tourreservation,JavaHibernate
terasolunaorg_terasoluna-tourreservation-mybatis3,JavaHibernate
tg123_bottle-mysql,NoORM
tgalal_yowsup,NoORM
the-blue-alliance_the-blue-alliance-android,NoORM
thecourseforum_theCourseForum,NoORM
theiconic_fixtures,NoORM
thelia_thelia,PhpPropel
theodorejb_peachy-sql,NoORM
theonion_django-bulbs,PhythonDjango
ThinkUpLLC_ThinkUp,NoORM
Thomas-Mangin_exabgp,NoORM
thomasleveil_b3-plugin-chatlogger,NoORM
thomasthorsen_toks,NoORM
thorsten_phpMyFAQ,NoORM
thoughtbot_clearance,NoORM
thoughtbot_hound,NoORM
thoughtbot_scenic,NoORM
threerings_depot,NoORM
threerings_playn,NoORM
thusoy_poff,NoORM
thuss_standalone-migrations,NoORM
tilal6991_HoloIRC,NoORM
TileStache_TileStache,NoORM
till_easybib-cookbooks,NoORM
timmolter_Yank,NoORM
TinderBox_soapforce,NoORM
tiny657_template,NoORM
Tirasa_ConnIdDBBundle,NoORM
tizonia_tizonia-openmax-il,c++litesql
tkem_mopidy-local-sqlite,NoORM
tlovett1_feed-pull,NoORM
tlovett1_Safe-Redirect-Manager,NoORM
tobiyas_RacesAndClasses,NoORM
toggl_mobile,.NETEntityFramework
toggl_toggldesktop,ObjCCoreData
togglz_togglz,NoORM
tokyorails_tokyorails,NoORM
tombh_peas,NoORM
tonioo_modoboa,PhythonDjango
tonyguolei_projet_dac,JavaJavaBeans
toocool_tripexpress,NoORM
TopicusFinan_finq-rest,JavaJavaBeans
TortoiseGit_TortoiseGit,.NETEntityFramework
toy_dump,NoORM
tphummel_tetris-db,NoORM
tractorcow_silverstripe-fluent,NoORM
trailofbits_mcsema,.NETEntityFramework
transientskp_tkp,PhythonDjango
transit-land_onestop,NoORM
transit-land_transitland-datastore,NoORM
transitland_transitland-datastore,NoORM
translate_pootle,PhythonDjango
translate_translate,PhythonDjango
translate_virtaal,NoORM
transmart_Rmodules,NoORM
travis-ci_travis-cookbooks,NoORM
travis-ci_travis-core,NoORM
travis-ci_travis-logs,NoORM
treasure-data_td-client-python,NoORM
treasure-data_td-import-java,NoORM
treehouselabs_TreeHouseQueueBundle,PhpDoctrine
treeio_treeio,PhythonDjango
trema_apps,c++litesql
trentm_python-markdown2,NoORM
TresysTechnology_setools,NoORM
triAGENS_ArangoDB,.NETEntityFramework
trianglman_sqrl,NoORM
TriBITSPub_TriBITS,NoORM
Trigger_trigger,NoORM
trikset_trikRuntime,NoORM
TrinityCore_TrinityCore,NoORM
TrinityCore_WowPacketParser,NoORM
Triple-T_simpleprovider,NoORM
tritemio_FRETBursts,NoORM
troelskn_konstrukt,NoORM
Tronsha_Cerberus,NoORM
TruckMuncher_TruckMuncher-Android,NoORM
tstack_lnav,c++litesql
tsukasaoishi_fresh_connection,NoORM
tsuru_mysqlapi,PhythonDjango
tsuru_postgres-api,NoORM
ttddyy_datasource-proxy,NoORM
TU-Berlin_mathosphere,NoORM
tubav_fiteagle,NoORM
tuenti_python-repoman,NoORM
tuupola_slim-basic-auth,NoORM
tvelykyy_swifter,PhpDoctrine
TwidereProject_Twidere-Android,NoORM
twigphp_Twig,NoORM
twisted_imaginary,NoORM
twisted_nevow,NoORM
twotoasters_SectionCursorAdapter,NoORM
tylertreat_BigQuery-Python,NoORM
tyoshii_bms,NoORM
TypiCMS_Base,NoORM
typo3_TYPO3.CMS,NoORM
TYPO3-Extensions_phpunit,NoORM
ucb-bar_riscv-qemu,ObjCCoreData
ucldc_harvester,NoORM
ucldc_pynux,NoORM
ufal_lindat-repository,JavaHibernate
UFAL-DSG_alex,NoORM
ufik_WebCMS2,PhpDoctrine
UFOMelkor_mysql-migration-layer,NoORM
ui-icts_sispotr-project,JavaHibernate
ukwa_shine,PhythonDjango
UltrosBot_Ultros,NoORM
Umisoft_umi.framework-dev,NoORM
umple_Umple,NoORM
UndefinedOffset_silverstripe-codebank,NoORM
undera_jmeter-plugins,NoORM
unepwcmc_ProtectedPlanet,NoORM
unepwcmc_SAPI,NoORM
unframed_SQLAbstract.php,NoORM
unicefuganda_edtrac,PhythonDjango
Unidata_thredds,.NETDapper
unikent_moodle-local_catman,NoORM
UNINETT_Foodle,NoORM
UnionOfRAD_lithium,NoORM
unitycoders_uc_pircbotx,NoORM
unkilodeplumes_commented.it,NoORM
unknown-horizons_unknown-horizons,PhythonSQLAlchemy
unl_UNL_MediaHub,NoORM
unl_UNL_UndergraduateBulletin,NoORM
unl_VisitorChat,NoORM
untitaker_vdirsyncer,NoORM
UP-nxt_cmis-ruby,NoORM
urho3d_Urho3D,ObjCCoreData
usabilitydynamics_wp-amd,NoORM
usabilitydynamics_wp-crm,NoORM
usabilitydynamics_wp-invoice,NoORM
usabilitydynamics_WP-Property,NoORM
USARugbyCMS_USARugbyStats.com,PhpDoctrine
ushahidi_SMSSync,NoORM
usmanhalalit_pixie,NoORM
uvalib-dcs_tracksys,NoORM
UW-Madison-DoIT_hrs-portlets,NoORM
uwescience_myria,NoORM
uwescience_myria-python,NoORM
uwescience_myria-web,NoORM
uwescience_raco,PhythonSQLAlchemy
uzura8_torilife,NoORM
v0dro_daru,NoORM
valhalla_mjolnir,c++litesql
varnamproject_libvarnam,NoORM
vasyahuyasa_remod-sauerbraten,NoORM
vauvenal5_pieShare,JavaHibernate
Vbitz_Engine2D,NoORM
vdespa_Vtiger-Web-Services-PHP-Client-Library,NoORM
vecnet_vecnet-dl,NoORM
vegantech_sims,NoORM
vegas-cmf_core,NoORM
vegas-cmf_faker,NoORM
vegas-cmf_profiler,NoORM
veloper_WordPress-Domain-Changer,NoORM
ventoviro_windwalker,NoORM
veny_orientdb4r,NoORM
vialectrum_vialectrum,NoORM
victims_victims-enforcer,NoORM
victims_victims-lib-java,NoORM
ViDA-NYU_reprozip,c++litesql
vigetlabs_sprig,NoORM
vigetlabs_sprig-reap,NoORM
VincSch_photoplatform-sdf,JavaHibernate
virgo47_javasimon,NoORM
virtualcommons_vcweb,PhythonDjango
VisTrails_VisTrails,NoORM
vitalyster_microemacs,NoORM
vivisect_vivisect,NoORM
vlucas_spot2,NoORM
vorburger_MariaDB4j,NoORM
vprokopchuk256_mv-mysql,NoORM
vprokopchuk256_mv-postgresql,NoORM
VSEphpbb_abbc3,NoORM
VSEphpbb_similartopics,NoORM
vslavik_poedit,ObjCCoreData
vstakhov_rspamd,c++litesql
vterron_lemon,NoORM
wang-bin_QtAV,NoORM
warmcat_libwebsockets,c++litesql
warner_petmail,NoORM
warner_tahoe-lafs,NoORM
watermint_SourceColon,NoORM
wattdepot_wattdepot,JavaHibernate
web-auto_wtf-core,NoORM
web2py_pydal,NoORM
web2py_web2py,NoORM
WebDevStudios_CollabPress,NoORM
webfactory_doctrine-orm-test-infrastructure,PhpDoctrine
webforge-labs_psc-cms,PhpDoctrine
weblabdeusto_weblabdeusto,.NETEntityFramework
webpy_webpy,NoORM
webSPELL_webSPELL,NoORM
weecology_retriever,NoORM
welaika_wordless,NoORM
weld_core,JavaJavaBeans
WellDone_pymomo,NoORM
werx_core,NoORM
wesleyan_pulleffect,NoORM
wesnoth_wesnoth,ObjCCoreData
westurner_dotfiles,NoORM
WGBH_AAPB2,NoORM
wgybzbrobot_sns-crm,JavaMybatis
WhisperSystems_TextSecure,NoORM
whiteoctober_Pagerfanta,PhpDoctrine
Wikia_app,PhythonDjango
WikiApiary_WikiApiary,NoORM
wikimedia_kraken,NoORM
wikimedia_mediawiki-core,NoORM
wikimedia_mediawiki-extensions-Wikibase,NoORM
wikimedia_pywikibot-core,NoORM
wildlyinaccurate_CodeIgniter-2-with-Doctrine-2,PhpDoctrine
willgriffin_mariablockchain,NoORM
windoze_fibio,NoORM
winebarrel_ddbcli,NoORM
winebarrel_gratan,NoORM
winebarrel_ridgepole,NoORM
WinRb_WinRM,NoORM
wireload_screenly-ose,NoORM
wisdom-framework_wisdom-orientdb,NoORM
wisk_medusa,NoORM
wix_petri,NoORM
wlanslovenija_datastream,NoORM
wlanslovenija_django-missing,PhythonDjango
wlanslovenija_nodewatcher,PhythonDjango
wmira_nosql-jdbc,NoORM
wndhydrnt_python-oauth2,NoORM
woothemes_sensei,NoORM
woothemes_woocommerce,NoORM
wordnet_wordnet,NoORM
WordPoints_wordpoints,NoORM
wp-cli_wp-cli,NoORM
wp-crm_wp-crm,NoORM
wp-e-commerce_WP-e-Commerce,NoORM
wp-invoice_wp-invoice,NoORM
wp-papi_papi,NoORM
wp-property_wp-property,NoORM
wp3_anspress,NoORM
WPI-RAIL_interactive_world,NoORM
wtsi-npg_baton,NoORM
wuakitv_strike,NoORM
wuan_bo-python,NoORM
wvanbergen_request-log-analyzer,NoORM
x-team_wordpress-develop,NoORM
xdissent_puppet-appstore,NoORM
xdubois_taxonomy-laravel-bundle,NoORM
xerial_sqlite-jdbc,NoORM
xi-project_xi-filelib,PhpDoctrine
xiechao06_lite-mms,PhythonSQLAlchemy
XimingCheng_HEVCAnalyzer,NoORM
xinminlabs_synvert-snippets,NoORM
xjodoin_torpedoquery,NoORM
xoops_XoopsCore,NoORM
xp-framework_core,NoORM
xpressengine_xe-core,NoORM
xraypy_xraylarch,PhythonSQLAlchemy
xwp_wordpress-develop,NoORM
xwp_wp-widget-customizer,NoORM
xwpco_wordpress-develop,NoORM
xyzz_acquisition,NoORM
Xzet_xe-core-14,NoORM
y-ken_fluent-plugin-mysql-replicator,NoORM
yamcs_Yamcs,NoORM
yammer_breakerbox,JavaHibernate
yandod_candycane,NoORM
Yapeal_yapeal,NoORM
yarden_MISO,NoORM
yaybu_hyperkit,NoORM
yegor256_netbout,NoORM
yegor256_s3auth,NoORM
Yelp_git-code-debt,NoORM
Yelp_pushmanager,PhythonSQLAlchemy
yfix_yf,NoORM
yiisoft_yii,NoORM
yiisoft_yii2-sphinx,NoORM
yiisoft_yii2-twig,NoORM
Yoast_wordpress-seo,NoORM
yourlabs_django-autocomplete-light,PhythonDjango
youtaya_crabapple,NoORM
Yubico_php-u2flib-server,NoORM
ywangd_stash,NoORM
zafarella_caao,NoORM
zalando_java-sproc-wrapper,NoORM
Zbee_UserSystem,NoORM
zdavatz_oddb.org,NoORM
zed-0xff_pedump,NoORM
Zemke_cwt,NoORM
zencart_zc-v1-series,NoORM
zendesk_active_record_host_pool,NoORM
zendframework_zf1,NoORM
zendframework_zf1-extras,NoORM
zendframework_zf2,NoORM
zendtech_IbmiToolkit,NoORM
Zenify_DoctrineFixtures,PhpDoctrine
Zenify_DoctrineMethodsHydrator,PhpDoctrine
Zenodo_invenio,PhythonSQLAlchemy
Zenodo_invenio-op,PhythonSQLAlchemy
zestedesavoir_zds-site,PhythonDjango
zevv_duc,c++litesql
ZF-Commons_ZfcBase,NoORM
ZF-Commons_ZfcUser,NoORM
zh-wang_YWeatherGetter4a,NoORM
zhangkaitao_es,JavaHibernate
zhr_ziher,NoORM
zikula_core,PhpDoctrine
zinedistro_zinedistro,NoORM
ziyasal_InfluxDB.Net,NoORM
zomeki_zomeki-development,NoORM
ZoneMinder_ZoneMinder,NoORM
zooniverse_Cellect,NoORM
zooniverse_Panoptes,NoORM
zooniverse_Talk-Api,NoORM
zopefoundation_ZODB,NoORM
zussel_oos,c++litesql